,modelName,contributor,organization,date
0,client interface example,Seth Tisue,CCL,2002-06-20
1,AntsOpt,Erich Neuwirth,University of Vienna,2002-06-25
2,Life,Baz Foo,XXX,2002-07-01
3,1D-CA-Rule90,Uri Wilensky,CCL,2002-07-03
4,1D-CA-Rule90,uri wilensky,,2002-07-03
5,Diffusion Graphics,ERIC B,CCL,2002-07-03
6,Percolation,Seth Tisue,,2002-07-10
7,Cash Flow,Matthew W. Berland,CCL,2002-07-10
8,AntSpace1,uri,test3,2002-07-10
9,Percolation,Seth Tisue,,2002-07-10
10,Tumor 2,Arthur Renkwitz,CSDHS,2002-07-15
11,Popeq,Derek Rush,Retired Egineer,2002-07-18
12,sitsim,Nigel Gilbert,"University of Surrey, UK",2002-07-27
13,walk,,,2002-07-29
14,parity,Nigel Gilbert,University of Surrey,2002-07-30
15,Self-awareness,Derek Rush,Retired  Engineer,2002-09-28
16,INDIAN,michelle,home,2002-12-01
17,Hillwalker,Derek Rush,Retired  Engineer,2002-12-19
18,Hillwalker,Derek Rush,Retired Egineer,2002-12-20
19,Path finder,Robert  Goldstone,Indiana University,2002-12-29
20,model1,Ashish Malhotra,ASU,2003-01-28
21,Imagination,Derek Rush,Retired  Engineer,2003-02-09
22,Logistic,Carlos Pedro Gon�alves,Graduate Student at ISCTE,2003-02-14
23,Solar System,Jerry James,,2003-02-18
24,Magnet Fun,Jerry James,,2003-02-18
25,game theory,Rick O'Gorman,SUNY-Binghamton,2003-02-20
26,soldierfieldnlogo,,,2003-02-20
27,vehicles,Kazmer Karadi,"Int.of Behav.Sci., Univ of P�cs, Hungary",2003-03-28
28,OptimismAISB2,Dylan Evans,University of Bath,2003-04-14
29,OilEdit,Suhaib,University of Alaska Anchorage,2003-04-21
30,Canal,Derek Rush,Retired  Engineer,2003-04-28
31,Determinable Complexity,Derek Rush,,2003-05-30
32,entropy,Dylan Evans,University of Bath,2003-06-09
33,Pile of Sand,Carlos Pedro Gon�alves,,2003-06-26
34,Easy Money,Derek Rush,Retired Egineer,2003-06-28
35,sitsim,Nigel Gilbert,University of Surrey,2003-08-08
36,Neteffect,Gianfranco Barone,,2003-08-09
37,Spirals &amp; Curve Matching,Derek Rush,Retired  Engineer,2003-08-18
38,The Dowry Puzzle,Felix Baerlocher,Mt. Allison University,2003-08-20
39,Contours &amp; Sections,Derek Rush,Retired Egineer,2003-09-24
40,sopgm,Kazmer Karadi,"Institute of Behavioral Sci.,Univ of P",2003-10-01
41,ARS-Genetics,Thomas Hills,Center for Generative Learning,2003-10-09
42,BinaryGA,Thomas Hills,Center for Generative Learning,2003-10-09
43,HopfieldLearning,Thomas Hills,Center for Generative Learning,2003-10-09
44,031015 clusterdetect ,Robert Jan Klomp,"University Twente, Oce",2003-10-15
45,radar,James Steiner,,2003-10-17
46,radar,James Steiner,,2003-10-17
47,Flocking color.final,Norman L Johnson,Los Alamos National Laboratory,2003-10-23
48,new_wealth_distribution,"Michael Gizzi, Richard Vail, and Tom Lairson",Mesa State College and Rollins College,2003-10-26
49,Predator-mediated coexistence,Felix Baerlocher,Mt. Allison University,2003-10-30
50,Herding,Carlos Pedro Gon�alves,Instituto Superior das Ci�ncias do Trabalho e da Empresa,2003-11-04
51,connect4,Michael C Gizzi,Mesa State College,2003-11-18
52,Artificial Financial Market,Carlos Pedro Gon�alves,,2003-12-01
53,turtle-ecology,Turtle Ecology,Univ of Michigan Business School,2003-12-02
54,recursive-trees,Scott Moore,Univ of Michigan Business School,2003-12-03
55,Lissajous,Paul Rieger,none,2003-12-21
56,Polygons,Luca Dentis,,2004-01-28
57,Virus2,Marco J. de Vries,N/A,2004-02-12
58,connect4 &amp; CONNIE,Derek Rush,Retired  Engineer,2004-02-12
59,Virus2,Marco J. de Vries,N/A,2004-02-15
60,Virus2,Marco J. de Vries,N/A,2004-02-16
61,ThermicRXN,Mitchell Hull,,2004-03-13
62,bloodcells,Elio Ramos ,University of Puerto Rico at Humacao ,2004-03-26
63,netlogo2,brandon timmer,f,2004-03-31
64,StackMachine,Teresa Carrigan,Blackburn College,2004-04-15
65,StackMachine,Teresa Carrigan,Blackburn College,2004-04-18
66,5 Short-term-memory-voters,Michael Kuyumcu,,2004-04-19
67,StackMachine,Teresa Carrigan,Blackburn College,2004-04-26
68,Innate Immune Respo#8209D,Gary An,"Department of Trauma, Cook County Hospital",2004-05-05
69,ElFarolBarProblem,Mark Garofalo,"Universit� d'Orl�ans, France.",2004-05-09
70,psynthesis1,Amit Mehra,Northwestern University,2004-05-12
71,DrugPropogation,Robert Rohrkemper and Josh Savory,Kalamazoo College,2004-06-01
72,function15,Carolyn Remmler,University of Texas,2004-08-16
73,function-client15,Carolyn Remmler,University of Texas,2004-08-16
74,calculator15,Carolyn Remmler,University of Texas,2004-08-16
75,tictactoe,Bertram Zinner,Auburn University,2004-08-18
76,accurate_clock,Erik Johnston,University of Michigan,2004-08-27
77,HIVSIM,Wilfred Ndifon,Morgan State University,2004-08-30
78,HIVSIM,Wilfred Ndifon,Morgan State University,2004-08-31
79,Ant Lines,juergen heinze,biologie i univ. regensburg,2004-09-01
80,hypercycle,Joerg Hoehne,,2004-09-15
81,Drugtalk,Michael Agar,Friends Social Research Center,2004-09-19
82,Bignum_Routines,Michael Kuyumcu,,2004-10-02
83,AWCS-new interface-graph-coloring,Ionel Muscalagiu,"The �Politehnica� University of Timisoara, The Engineering Faculty of Hunedoara,  Romanian",2004-10-22
84,AWCS-new interface-graph-coloring,Ionel Muscalagiu,"The �Politehnica� University of Timisoara, The Engineering Faculty of Hunedoara,  Romanian",2004-10-22
85,DisDBgraphcoloring,Ionel Muscalagiu,"The �Politehnica� University of Timisoara, The Engineering Faculty of Hunedoara,  Romanian",2004-10-22
86,DisDBnqueens,Ionel Muscalagiu,"The �Politehnica� University of Timisoara, The Engineering Faculty of Hunedoara,  Romanian",2004-10-22
87,ABTkernel,Ionel Muscalagiu,"The �Politehnica� University of Timisoara, The Engineering Faculty of Hunedoara,  Romanian",2004-10-22
88,Asynchronous Backtracking-graphcoloring,Ionel Muscalagiu,"The �Politehnica� University of Timisoara, The Engineering Faculty of Hunedoara,  Romanian",2004-11-04
89,AWCS-new interface-graph-coloring with nogood learning,Ionel Muscalagiu,"The �Politehnica� University of Timisoara, The Engineering Faculty of Hunedoara,  Romanian",2004-11-24
90,organizer2,Kazmer Karadi,"Institute of Behavioral Sciences, Faculty of Medicine, Univ. of Pecs, Hungary",2004-12-22
91,economicexchange,rinke Hoekstra,Strohalm,2005-01-05
92,NukeSnake-1.0,Jim Lyons,,2005-01-06
93,AWCS-new interface-graph-coloring with nogood processor,Ionel Muscalagiu," The University �Politehnica� din Timsoara, The Faculty of Engineering Hunedoara",2005-01-11
94,test,James Snyder,test,2005-01-14
95,test,James Snyder,test,2005-01-14
96,ABT kernel-graphcoloring,Ionel Muscalagiu,"The �Politehnica� University of Timisoara, The Engineering Faculty of Hunedoara,  Romanian",2005-02-02
97,ABT kernel-graphcoloring-derived in Asynchronous Backtracking (Yokoo),Ionel Muscalagiu,"The �Politehnica� University of Timisoara, The Engineering Faculty of Hunedoara,  Romanian",2005-02-02
98,ABT kernel-graphcoloring-derived in Asynchronous Backtracking (Yokoo) with temporary links,Ionel Muscalagiu,"The �Politehnica� University of Timisoara, The Engineering Faculty of Hunedoara,  Romanian",2005-02-02
99,ABT kernel -graphcoloring-derived in Distributed Dynamic Backtracking,Ionel Muscalagiu,"The �Politehnica� University of Timisoara, The Engineering Faculty of Hunedoara,  Romanian",2005-02-02
100,LNmodel127-articleVersion,Rob Koper,Open University of the Netherlands,2005-02-03
101,ABT kernel-graphcoloring-derived in Asynchronous Backtracking (Yokoo),Ionel Muscalagiu,"The �Politehnica� University of Timisoara, The Engineering Faculty of Hunedoara,  Romanian",2005-02-04
102,sheep-populationA,Ed Hazzard,Concord Consortium,2005-02-07
103,sheep-populationB,Ed Hazzard,Concord Consortium,2005-02-07
104,sheep-populationC,Ed Hazzard,Concord Consortium,2005-02-07
105,sheep-selection,Ed Hazzard,Concord Consortium,2005-02-07
106,sheep-mutation,Ed Hazzard,Concord Consortium,2005-02-07
107,sheep-fussyfemales,Ed Hazzard,Concord Consortium,2005-02-07
108,Asynchronous Backtracking-graphcoloring,Ionel Muscalagiu,"The �Politehnica� University of Timisoara, The Engineering Faculty of Hunedoara,  Romanian",2005-02-25
109,ABT kernel-graphcoloring-derived in Asynchronous Backtracking,Ionel Muscalagiu,"The �Politehnica� University of Timisoara, The Engineering Faculty of Hunedoara,  Romanian",2005-02-25
110,ABT kernel-graphcoloring-derived in Asynchronous Backtracking,Ionel Muscalagiu,"The �Politehnica� University of Timisoara, The Engineering Faculty of Hunedoara,  Romanian",2005-02-25
111,Asynchronous Backtracking-graphcoloring with flags,Ionel Muscalagiu,"The �Politehnica� University of Timisoara, The Engineering Faculty of Hunedoara,  Romanian",2005-03-08
112,Chemical Equilibrium elaborated,Russ Maurer,Hawken School,2005-03-23
113,Shapefactory Model,"Erik Johnston, Ning Nan, and Nathan Bos",University of Michigan,2005-04-01
114,Emotion &amp; Motivation,Derek A. Rush,Retired  Engineer,2005-04-05
115,3d-maze,James Steiner,,2005-04-07
116,3d-cube-maze,James Steiner,,2005-04-07
117,Emotion &amp; Motivation,Derek A. Rush,Retired  Engineer,2005-04-13
118,OneDimensionalElection,Mary Lynn Reed,,2005-04-15
119,lorenz3D,Massimo Salzano,University of Salerno - Italy,2005-05-14
120,frankmodel-2,Erjiang Fu,the University of Auckland,2005-05-27
121,glycogen,Dr. P. L. Birch,University of Paisley,2005-05-31
122,worms,Mathew Davies,Columbia University School of Engineering and Applied Sciences,2005-06-02
123,feedback,Mathew Davies,Columbia University School of Engineering and Applied Sciences,2005-06-02
124,free-fall,Amelie Zeng,,2005-06-10
125,burst,Dr.  P. L. Birch,University of Paisley,2005-06-20
126,AircraftEvacuationV8,Andrew Wood,,2005-07-01
127,machines-2005,James Steiner,,2005-07-06
128,Artificial Financial Market II - Tail Risk,Carlos Pedro Gon�alves,ISCTE,2005-07-25
129,Artificial Financial Market II - Tail Risk,Carlos Pedro Gon�alves,ISCTE,2005-07-26
130,Fishery,Bill Silvert,,2005-09-16
131,Game,Milo,,2005-10-04
132,Game,Milo,,2005-10-04
133,sudoku,Matt Hellige,,2005-10-14
134,mical,mical,,2005-11-16
135,Drivers' Behavior In Car Park,Umeyr Kureemun,,2005-11-27
136,Drivers' Behavior In Car Park,Umeyr Kureemun,,2005-11-27
137,wirefame 3d,Corey,The Evegreen State College,2005-11-29
138,WaterfallFluids,Corey,The Evegreen State College,2005-11-29
139,Atomic-Force,Corey Haddad,TESC,2005-12-02
140,LevelCrossing,Ales Janota,University of Zilina,2005-12-06
141,THEmazegame,Evan Schwartz and Tom Slater,Stuyvesant,2005-12-06
142,ABTkernelgraphcoloring-new  interface,Ionel Muscalagiu,"The �Politehnica� University of Timisoara, The Engineering Faculty of Hunedoara",2005-12-12
143,ABTkernel-graphcoloring-derived in Asynchronous Backtracking  with temporary links (new interface),Ionel Muscalagiu,"The �Politehnica� University of Timisoara, The Engineering Faculty of Hunedoara",2005-12-12
144,ABTkernel-graphcoloring-derived in Asynchronous Backtracking-without synchronisation(new interface),Ionel Muscalagiu,"The �Politehnica� University of Timisoara, The Engineering Faculty of Hunedoara",2005-12-12
145,Asynchronous Backtracking with flags -graphcoloring (new interface),Ionel Muscalagiu,"The �Politehnica� University of Timisoara, The Engineering Faculty of Hunedoara",2005-12-12
146,topology3D,Kazmer Karadi,"In. of Behav.Sci.,Univ of Pecs",2005-12-13
147,Good Morning turtles,Michel Viacroze,,2005-12-30
148,topology3D,Kazmer Karadi,"Inst. of Behav.Sci., Hungary",2006-01-05
149,GoodMorning turtles II,Michel Viacroze,,2006-01-06
150,my_snowflake,Ola Alakija,HOPE,2006-01-08
151,Asynchronous Backtracking with flags -graphcoloring (new interface)- comparatie,Ionel Muscalagiu,"The ""Politechnica"" University Timisoara",2006-01-17
152,Zombie Infection,Alex Fink,,2006-01-23
153,sot-2006-01-30-1250,Sujai Kumar,CRCS,2006-01-30
154,Langton's Ant on Infinite Plane,Ivan Filippenko,,2006-02-14
155,Asynchronous Backtracking - binary random problems (CSP),Ionel Muscalagiu,"The ""Politechnica"" University Timisoara",2006-03-06
156,Space Wars Version 1,Ben Pichler,Park View District 70,2006-03-07
157,sundial-model,Ezra Bradford,,2006-03-13
158,2d_parity,hardik,hardik,2006-04-26
159,BirdAggression,Josh Rainwater,Ashland University,2006-04-30
160,Reinforcement Learning Maze,Joe Roop,Aerospace Systems Design Laboratory (ASDL) of Georgia Institute of Technology,2006-05-08
161,Reinforcement Learning Wargame,Joe Roop,Aerospace Systems Design Laboratory (ASDL) of Georgia Institute of Technology,2006-05-08
162,multiagent,Umberto Viano e Paolo Cova,,2006-05-17
163,sudoku-solver,Zammu,,2006-05-20
164,DiffusionWithMembraneAsPatch1.0,"Gary An, MD","Department of Trauma, CCH",2006-06-07
165,DiffusionWithMembraneAsTurtle1.0,"Gary An, MD","Department of Trauma, CCH",2006-06-08
166,Shock2004 Gut Epithelial Barrier,"Gary An, MD","Department of Trauma, CCH",2006-06-12
167,Fitness_Landsacape,David McAvity,The Evergreen State College,2006-06-23
168,example(HPP)-mod,Lu�s C�sar da Costa,National Laboratory of Computing Science ,2006-07-06
169,GarbageCan,Guido Fioretti,University of Bologna,2006-08-03
170,Musique Multi-Agents,Herv� Provini,,2006-08-12
171,Adopt&amp;LearnOnLine,Desi Suyamto,World Agroforestry Centre,2006-08-22
172,Quicksort,pratik,daiict,2006-09-18
173,SpatRain,Desi Suyamto,"World Agroforestry Centre, Southeast Asia Regional Office, Bogor, Indonesia",2006-10-06
174,Route Choice,Yandan Lu,University of Illinois at Chicago,2006-10-11
175,Craps,Amelie Zeng,,2006-10-19
176,Learning &amp; Creativity ,Derek A. Rush,Retired  Engineer,2006-11-28
177,Final Project,Matthew Colebeck,University at Buffalo,2006-11-29
178,energy-conservation,Sifat Momen,Cephalon International School,2006-12-12
179,innvoation v7,Michael Samuels,MITRE Corporation,2007-01-02
180,innvoation v8,Michael L Samuels,,2007-01-04
181,innvoation v8,Michael Samuels,,2007-01-05
182,innvoation v8,Michael Samuels,,2007-01-08
183,MG cem changed,Cem Dilmegani,Bosphorus University Computer Engineering,2007-01-12
184,ejb6,Thornton Rose,,2007-01-15
185,ejb6,Thornton Rose,,2007-01-16
186,web4,Thornton Rose,,2007-01-16
187,network_growth,Malik Kon�,Open Universitieit Nederlands,2007-01-17
188,Final Preliminary Model.bbmod,Benjamin Roberts,,2007-01-17
189,Multi Exit,Benjamin Roberts,,2007-01-17
190,Obstruction Model,Benjamin Roberts,,2007-01-17
191,MMG,Cem D,CMPE,2007-01-21
192,RECRYSTALLIZATION,Markus Kasim,Mechanical Metallurgy Laboratory ITB,2007-02-05
193,urban-transition,lagarias Apostolos,Lagarias Apostolos,2007-02-19
194,Simulation of Inelastic Collision,Sifat Momen,Cephalon International School,2007-02-26
195,example(HPP)_3D,Lu�s C�sar da Costa and James Steiner,National Laboratory for Computing Science,2007-02-28
196,Wireless-Coop-Mobile,Federico Albiero,VTT,2007-03-12
197,Bouncing_Ball,David McAvity,The Evergreen State College,2007-03-20
198,FractalMorph,David McAvity,The Evergreen State College,2007-03-20
199,LogoMoth2p1NL3p02(070409),N. S.  Thompson,Clark University and Redfish Group,2007-04-10
200,Presentation,Peter Vayner,Pros,2007-04-11
201,AntSystem,Christopher Roach,"Computer Vision and Bio-inspired Computing Laboratory, Florida Institute of Technology",2007-04-13
202,SickTown,Gordon McDonald,Australian National University,2007-04-15
203,Quantum Financial Market,Carlos Pedro Gon�alves,UNIDE - ISCTE,2007-04-23
204,SickTown,Eric Betzold,CCL,2007-05-02
205,Asteroid Belt Game,Asteroid Belt,None,2007-05-12
206,Epidemic Typhoid Fever on Disaster Area,"Agung Budi Sutiono, MD","Social Intelligence and Informatics Department, University Electro-Communications, Tokyo Japan",2007-05-19
207,forestfire2,dongxiaofei,bjfu,2007-05-28
208,Bug Hunt Evolution,Christopher J Whalen,University of Illinois,2007-06-01
209,Albedo,Brandon Gillette,Olathe District Schools,2007-06-01
210,margherite,Stefano,Novamont,2007-06-04
211,Climate_change,Ed Hazzard,Concord Consortium,2007-06-06
212,negotiations,Zvi Vlodavsky. Doron Zarchy,"The Hebrew University of Jerusalem, Israel",2007-06-10
213,bifurcacion2,Abdiel E. Caceres-Gonzalez,Universidad Juarez Autonoma de Tabasco,2007-06-12
214,Gas Distillation,George W. Dombi,Karmanos Cancer Institute,2007-07-02
215,Toy_Infection_Model,Gary An,"Department of Surgery, Northwestern University",2007-07-05
216,MASforSeg,KHOUADJIA Mustapha Redouane,"Computer Science Institute, Constatine University, Algeria.",2007-08-10
217,cluster,Lubrano Lavadera David Rosario,CLOE,2007-08-10
218,SolarSystem-timer,Ed Hazzard,Concord Consortium,2007-08-30
219,Evolutionary Game Theory_Mayberry ESS,Jeff Russell,Ashland University,2007-09-05
220,Evolutionary Game Theory_Big Bird Replicator Dynamic,Jeff Russell,Ashland University,2007-09-06
221,light-absorption,Ed Hazzard,Concord Consortium,2007-09-19
222,homework_1-highschool,Daniel Kuchta,ncsu,2007-09-27
223,Games,Carlos Gershenson,New England Complex Systems Institute,2007-10-10
224,Mouse_Aorta_Initial_Model,Heather Hayenga,Tamu,2007-10-22
225,RANDOMLYWALKING,shashank singh,jaypee university of information technology,2007-12-20
226,NetlogoGreenHouse,Aaron Unger,Concord Consortium,2008-01-08
227,SimHeart -- Full,Asymptote,UNCC,2008-01-09
228,MARCH,Elio Marchione,"CLOE, Univerity of Naples",2008-01-23
229,miller,Elio Marchione,"CLOE, Univerity of Naples",2008-01-23
230,photon_transmissivity_2,Ted Wong,Ursinus College,2008-01-30
231,Zombie Infection 2,Asymptote,UNCC,2008-02-03
232,PopGen Fishbowl 1,Thomas C. Jones,East Tennessee State University,2008-02-12
233,COPYING &amp; ASSOCIATING -1,Derek Rush,Retired Engineer,2008-02-23
234,fischeri,"Lu�s C�sar da Costa , Marcelo Trindade dos Santos and Gilson Ant�nio Giraldi",National Laboratory from Scietific Computing,2008-03-10
235,Ted-Test,Ted,us,2008-03-12
236,Shopsim-sc,"Zhenjiang SHEN, Ping CHEN, Mitsuhiko KAWAKAMI","Urban planning Lab., Kanazawa University",2008-03-18
237,Marble-Fall-Icosystem-4,Paolo Gaudiano,Icosystem Corporation,2008-03-24
238,grass,Grass growth,,2008-04-17
239,CBNM-simu,Jun Wang,,2008-04-27
240,PedestriansV1,Singhathip Micka�l,L2MI Valrose,2008-05-01
241,watercycle1,Ed Hazzard,Concord Consortium,2008-05-08
242,Colonialism,Desi Ariyadhi Suyamto,Represented nobody,2008-05-19
243,Colonialism,Desi Ariyadhi Suyamto,Representing nobody,2008-05-19
244,Wolf_Sheep_Predation_Refuge,Wolf Sheep Predation Refuge Version,"Din�mica Populacional, Universidade dos A�ores 2008",2008-05-28
245,Gottman 1,Victor Wooddell,"Oakland University, Michigan",2008-06-02
246,cooler model,Annette Brickley,Challenger Learning Center of Maine,2008-06-27
247,Global Carbon Cycle,Annette Brickley,Challenger Learning Center of Maine,2008-06-27
248,MDR-model,Jason Bishai,Dulaney High School,2008-07-15
249,Virtual Chemistry,Virtual Chemistry,UNCC,2008-07-24
250,Population Dynamics_v4,Population Dynamics,"Biological Sciences, Western Michigan University",2008-08-07
251,Community Structure v_4,Community Structure,Western Michigan University,2008-08-07
252,Population Dynamics_v4,David W. Rudge and William Merrow,Western Michigan University,2008-08-08
253,Community Structure v_4,David W. Rudge and William Merrow,Western Michigan University,2008-08-08
254,segreg-vs-coord,sebastian Grauwin,"ixxi, Institut rh�nalpin des Syst�mes Complexes ",2008-08-13
255,watercycle,Edmund Hazzard,Concord Consortium,2008-09-08
256,wire-resistance,Edmund Hazzard,Concord Consortium,2008-09-08
257,leaf-macro,Edmund Hazzard,Concord Consortium,2008-09-08
258,leaf-micro,Edmund Hazzard,Concord Consortium,2008-09-08
259,Ants2,ellen evers,university utrecht,2008-09-25
260,domworld-demo,ellen evers,university utrecht,2008-09-25
261,CostaPath,Derek Rush,,2008-09-28
262,Planetary WeatherSim MultipleContinent,Asymptote,UNCC,2008-10-13
263,Extreme Turtle Group 1,Ian Kettlewell,,2008-11-01
264,axelrodV2,MIchael Maes and Sergi Lozano,University of Groningen and ETH Zurich,2008-11-05
265,M3202-410-DesiSuyamto,Desi Ariyadhi Suyamto,"UHoH, Stuttgart, Germany",2008-11-12
266,M3202-410-DesiSuyamto,Desi Ariyadhi Suyamto,"UHoH, Stuttgart, Germany",2008-11-12
267,M3202-410-DesiSuyamto,Desi Ariyadhi Suyamto,"EnviroFood MSc Programme, UHoH, Suttgart, Germany",2008-11-15
268,allostericenzymes,Nicolas Descostes,University of the West of Scotland,2008-11-26
269,empty_file,Michael Samuels,,2008-12-01
270,My own model - cooperative countries,Julia Verhoeven,Leiden University,2008-12-05
271,fight_3.1,Clay Gibson,Stuyvesant Highschool - CS1,2008-12-13
272,Tumor - Nutrients,Asymptote,UNCC,2008-12-27
273,Hardy Weinberg Classroom Model,Kenneth Letendre,"Departments of Biology and Computer Science, University of New Mexico",2009-01-02
274,Greenhouse Effect,Lisa Schultz,"University of Maine, Orono",2009-01-11
275,Sniffing space associations,Tim Ireland,"Bartlett school of graduate studies, University College London, UK.",2009-01-16
276,SearchResource,Romulus-Catalin Damaceanu,Petre Andrei University,2009-01-30
277,Andean_Networks,Luciano Stucchi,,2009-02-11
278,Redes_de_reciprocidad,Mar�aJos� Bustamante,,2009-02-11
279,CellMusic - BrainMusic,Asymptote,None,2009-02-15
280,sanger_sequencing,Ted Wong,,2009-03-02
281,radattack,Evgeny Patarakin,Nizhny Novgorod Pedagogical University,2009-03-04
282,taxes 1,Aaron Adams,,2009-03-04
283,consumerism project,"Benjamin Leventer, Brett Sandler, Alana O'Reilly,",Kalamazoo College,2009-03-11
284,Chess!,Corey Haddad,TESC,2009-03-17
285,modele4,aissa,constantine,2009-03-20
286,BHS-Bio Hazard Sim v1.0,z0mb1eslay3r,Chernobyl Sims,2009-04-18
287,Fire Simulation,Qasim Siddique,FUIEMS,2009-05-10
288,customerBehavior,Yudi Limbar Yasik,Padjajaran University,2009-05-11
289,Decay01,lookang,sg,2009-05-13
290,innovation,Michael Samuels,The MITRE Corporation,2009-05-20
291,treecircle,Ariel Berwaldt,CSU Stanislaus,2009-05-23
292,Fire Ecology,Ryan Kelly,"Department of Plant Biology, University of Illinois",2009-06-01
293,GarbageCan_docker,Guido Fioretti,University of Bologna,2009-06-02
294,GarbageCan_buck,Guido Fioretti,University of Bologna,2009-06-02
295,mb_ants_v2,Mike,UC,2009-06-02
296,Meetingscheduling,Qasim Siddique,FUIEMS,2009-06-03
297,COPYING &amp; ASSOCIATING -2,Derek A Rush,Retired,2009-06-04
298,Meetingscheduling,Qasim Siddique ,,2009-06-12
299,disease_in_groups,Talaya White,Project GUTS / Supercomputing Challenge,2009-06-27
300,tag,Talaya White,Project GUTS / Supercomputing Challenge,2009-06-27
301,Flocking color 4.02,Norman Lee Johnson,Referentia Systems Inc. ,2009-06-27
302,SIMflucht_GIUB,"Aben, P., M�ller, J. M�ller, T. Wagner, A.","University of Bonn, Institut of Geography",2009-07-10
303,forestfire3,Qasim Siddique,FUIEMS,2009-07-17
304,Updated Meeting Scheduling,Qasim Siddique,,2009-07-26
305,obs,Sifat Momen,,2009-07-28
306,Malaria Control,Erin Flanagan,Mary Munford Elementary School and Virginia Commonwealth University,2009-08-05
307,Plane Warrior,Qasim Siddique,,2009-08-05
308,testactualgrp5,MBI Summer Program 2009 NetLogo Group,MBI,2009-08-13
309,azeto.php,azeto,azeto design,2009-08-19
310,gazellen,Robert / Adrian,Sjf,2009-08-27
311,wow marketing spread,Y.H kim,graceful ghost,2009-09-08
312,MyFlocking,Nacho Valladares,Universitat de Girona,2009-09-09
313,linegame,Qasim Siddique,FUIEMS,2009-09-12
314,Zombie Infection 2,Alex Fink &amp; Sai Emrys,,2009-09-15
315,independence vs mimetism in collective decision making,C�dric Sueur,Princeton University,2009-09-15
316,search,M Yasser Chuttur,Indiana University,2009-09-24
317,search,M Yasser Chuttur,Indiana University,2009-09-24
318,Flocking 2 types informed non informed,C�dric Sueur,"Department of Ecology and Evolutionary Biology, Princeton University",2009-10-06
319,Endogenous Export Modes,Pascal B�rki,,2009-10-07
320,conway 3d,Talaya White,Fiend Consulting,2009-10-16
321,barber,Katerina Seifarthova,University of Hradec Kralove,2009-10-18
322,smoker,Katerina Seifarthova,University of Hradec Kralove,2009-10-18
323,reader-no_preference,Katerina Seifarthova,University of Hradec Kralove,2009-10-18
324,reader-reader_preference,Katerina Seifarthova,University of Hradec Kralove,2009-10-18
325,reader-writer_preference,Katerina Seifarthova,University of Hradec Kralove,2009-10-18
326,Helmets,Anna Klabunde,"IEL International PhD Program in Institutions, Economics and Law",2009-10-24
327,Sugarscape,Iain Weavert,University of Leicester,2009-10-28
328,intelCluser,Mike Borowczak,UC Digital Design Environments Lab,2009-11-07
329,genetics_applet,Stephen Ratchford,University of the Virgin Islands,2009-11-20
330,PentapalliOnlineVersion,Aldo Martinez-Pinanez,,2009-11-26
331,wireless-mobile-Scalefree,Tei Shim,"Yonsei Univ., Korea Rep.",2009-12-04
332,Male_Heirs,Talaya White,Fiend Consulting,2009-12-08
333,Growing peppers greenhouse,J.P.M. van Ruijven,TU Delft,2009-12-13
334,Cornea patch formation,Jerry Rhee,CMRC- Northwestern,2009-12-23
335,Cornea patch formation,Jerry Rhee,CMRC- Northwestern,2009-12-23
336,Patch Tools,Talaya White,Fiend Consulting,2010-01-04
337,Marlantes_Lake_Victoria_Fishermen,Alexander Marlantes,UCLA,2010-01-12
338,CoreyModelMarket,Corey Nyako,Florida State University (student),2010-01-13
339,Evolution,Iain Weaver,University of Leicester,2010-01-16
340,sfsd,ds,ds,2010-01-27
341,Freeway Traffic CA,Iain Weaver,University of Leicester,2010-01-28
342,cooler model,Annette Brickley,Challenger Learning Center of Maine,2010-01-29
343,Global Carbon Cycle,Annette Brickley,Challenger Learning Center of Maine,2010-01-29
344,Lake Victoria Complex System Study,Alexander Marlantes,UCLA,2010-01-30
345,Angels and Mortals,Iain Weaver,University of Leicester,2010-02-01
346,THC_final,"Lisa Boehm, Petra Hutner",University Augsburg,2010-02-09
347,Evacuation of a lecture hall,"Alex Bromberger, Tobias Gla�",University of Augsburg,2010-02-09
348,sustainable forestry,M. Eberle / F. Lorych,,2010-02-09
349,Dissemination of Culture CA,Iain Weaver,University of Leicester,2010-02-09
350,Self-organized Criticality and Dominoes,Iain Weaver,University of Leicester,2010-02-10
351,EditorDeRedes_0.2,Francesc J. MIGUEL QUESADA,Dept. Sociologia (UAB),2010-02-10
352,WSN,Qasim Siddique,FUIEMS,2010-02-22
353,Queueing Simulation (Discrete-Event),Nick Bennett,Grass Roots Consulting,2010-02-24
354,VacancyChains,Guido Fioretti,University of Bologna,2010-02-25
355,lang-evolution,Chuck Cranston,Portland State University,2010-02-25
356,lang-evolution-2,Chuck Cranston,Portland State University,2010-02-25
357,Santa Fe Ant Trail,Loukas Georgiou,Bangor University,2010-02-27
358,plant-migration,Desi Suyamto,,2010-03-14
359,UFO,Gary Wu,,2010-03-19
360,creditcrunch,Peter Thompson,Durham University,2010-03-21
361,Trade,Romulus-Catalin Damaceanu,Petre Andrei University of Iasi,2010-03-23
362,rubicism,Desi Suyamto,,2010-04-02
363,Quantum Life I - Birth and Death,Carlos Pedro Gon�alves,UNIDE - ISCTE - Lisbon University Institute,2010-04-02
364,raster_rent_gap,,,2010-04-02
365,rubicism2,Desi Suyamto,,2010-04-03
366,Zimmerman Arms Trade Prototype v5,Cody Zimmerman,Old Dominion University,2010-04-07
367,Bacteria,Paul Hanson,,2010-04-09
368,rubik3d,Desi Ariyadhi Suyamto &amp; Aryo Adhi Condro,,2010-04-12
369,MaterialSim Grain Growth,,,2010-04-17
370,cultura,Simone Gabbriellini,"Department of Political and Social Sciences, University of Pisa",2010-04-21
371,cooperazione,Simone Gabbriellini,"Department of Political and Social Sciences, University of Pisa",2010-04-21
372,differenziazione,Simone Gabbriellini,"Department of Political and Social Sciences, University of Pisa",2010-04-21
373,fiducia,Simone Gabbriellini,"Department of Political and Social Sciences, University of Pisa",2010-04-21
374,innovazione,Simone Gabbriellini,"Department of Political and Social Sciences, University of Pisa",2010-04-21
375,One_Stock_Systems,Marcus D. Gabriel,www.marcus.gabriel.name,2010-04-30
376,Rhythm Simulator,Asymptote,N/A,2010-05-08
377,One_Stock_Systems,Marcus D. Gabriel,Consultant,2010-05-11
378,Helper,aminul haque,monash university,2010-05-20
379,Automated weather warning system for Airports (AWWSA),Qasim Siddique &amp; Muhammad Hanzala Ali Abbass,FUIEMS,2010-06-01
380,FinalProject,Joseph Khubelashvili and Patrick Bacon Blabler,School,2010-06-06
381,Automated weather warning system for Airports (AWWSA),Qasim Siddique &amp; Muhammad Hanzala Ali Abbass,FUIEMS,2010-06-10
382,17-Poker (FINAL),Richie Chan,,2010-06-18
383,TowerofHanoi,Shayryl Mae Ramos,Sunchon National University,2010-06-29
384,locus7s.php%%00%%00,aa,aa,2010-06-30
385,CompExclusion,Andrew Yoak,The Ohio State University,2010-07-13
386,diffusion,Gabriel Rossman,UCLA,2010-07-23
387,crt100,joseph,cclifornia,2010-07-28
388,HabitatFragmentation,George Kampis and Istvan Karsai,Collegium Budapest and ETSU,2010-08-03
389,diffusion,Gabriel Rossman,UCLA,2010-08-24
390,Silence spiral,Wang Chengjun,city university of HONGKONG,2010-08-24
391,AntTaskAlloc,Arvind Diggikar,student,2010-08-31
392,Silence spiral,WANG Chengjun,City University of Hong Kong,2010-09-11
393,CASM_Robot,Jaqueson Kingeski Galimberti,Federal University of Santa Catarina,2010-09-12
394,Assignment,Irfan,Liveperson,2010-09-14
395,Terrorism_vs_Altruism,Thomas Hills,University of Basel,2010-10-03
396,cyclic_cellular_automata,Juan Ignacio Perotti,"FaMAF, UNC, Cordoba, Argentina",2010-11-01
397,ecosimple,Ryan Kelly,University of Illinois,2010-11-01
398,Ants_AndrewE_add food3,Andrew Erickson,CU Boulder,2010-11-07
399,fission,Sueur Cédric,Kyoto University,2010-11-10
400,leading according to needs,Sueur Cédric,Kyoto University,2010-11-10
401,Bandwagon 2D,Davide Secchi,University of Wisconsin,2010-11-13
402,Bandwagon 2D,Davide Secchi,University of Wisconsin,2010-11-14
403,Rhythm Simulator 2,MJ Banks,None,2010-11-19
404,Proyecto_Final Computacionales 2,Damian Marquez,Ciencias Computacionales 2,2010-11-22
405,David Miller - Resteraunt Model,David Miller,University of Nottingham,2010-11-28
406,AntTaskAlloc,Arvind Diggikar,University of Sheffield,2010-11-30
407,Artillery,Eric Muhs,Ballard High School,2010-12-01
408,Artillery.nlogo,Eric Muhs,Ballard High School,2010-12-02
409,HnH,Max OrHai,Portland State University,2010-12-02
410,Anisakisim,Angel Criado,Universidad of Alcalá - SPAIN,2010-12-03
411,Babesim,Angel Criado,University of Alcalá - SPAIN,2010-12-03
412,Brugiasim,Angel Criado,University of Alcalá - SPAIN,2010-12-03
413,Cryptosporisim,Angel Criado,University of Alcalá - SPAIN,2010-12-03
414,Egranulosim,Angel Criado,University of Alcalá - SPAIN,2010-12-03
415,Leishmanisim,Angel Criado,University of Alcalá - SPAIN,2010-12-03
416,Plasmoknowlesim,Angel Criado,University of Alcalá - SPAIN,2010-12-03
417,Plasmovivasim,Angel Criado,University of Alcalá - SPAIN,2010-12-03
418,Schistojaponisim,Angel Criado,University of Alcalá,2010-12-03
419,Teniasagisim,Angel Criado,University of Alcalá,2010-12-03
420,Toxocarasim,Angel Criado,University of Alcalá - SPAIN,2010-12-03
421,Toxoplasim,Angel Criado,University of Alcalá - SPAIN,2010-12-03
422,Trichinellasim,Angel Criado,University of Alcalá - SPAIN,2010-12-03
423,Trypanocrusim,Angel Criado,University of Alcalá - SPAIN,2010-12-03
424,Trypanorhodesim,Angel Criado,University of Alcalá - SPAIN,2010-12-03
425,Pond - I,Julia Svoboda,Georgia Institute of Technology,2010-12-03
426,Pond - II,Julia Svoboda,Georgia Institute of Technology,2010-12-03
427,Nitrification,Julia Svoboda,Georgia Institute of Technology,2010-12-03
428,Ants_AndrewE_add ants5,Andrew Erickson,University of Colorado at Boulder,2010-12-05
429,Zombies 4.9,Lacy Smith and Chris Boler,Mississippi State University,2010-12-05
430,SegregationExpanded,David Pugh,University of Edinburgh,2010-12-09
431,Wave Interaction with Chladni Patterns,Roy Sando,Kansas State University,2010-12-13
432,EXPLORE VS EXPOLTE,Irshad Faisal,PAC Kamra,2010-12-14
433,EXPLORE VS EXPOLTE,Irshad Faisal,PAC Kamra,2010-12-21
434,totalistic2dCA,suslik,independent,2010-12-30
435,Neture,Uwe Grueters,UIBM,2011-02-08
436,Jill's Ants,Jill Anderson,Lehigh University,2011-02-12
437,1dCAexplorer,suslik,-,2011-02-15
438,gttrolley,"Nathan Adams, Erik Akrop, Ben Benoy, Rob Myers",Georgia Tech PMASE,2011-02-26
439,evolution_of_aggression,Francisco J. Romero-Campero,University of Seville,2011-02-28
440,Estimate the Value of Social-Capital,SunYoungKim,KNU in South Korea,2011-03-02
441,tank,caspar wylie,,2011-03-05
442,tank,caspar wylie,,2011-03-09
443,Light bike,Noah Thoron,,2011-03-10
444,psychotest,Ondřej Černý,,2011-03-16
445,Relativity NG,Matthew Banks,--,2011-03-20
446,bucketsort,Mellionard Lopera,none,2011-04-04
447,bucketsort,Mellionard Lopera,student,2011-04-04
448,maze game,caspar wylie,,2011-04-04
449,game,caspar wylie,,2011-04-04
450,wikimodel,Evgeniy Patarakin,WikiVote!,2011-04-05
451,Relativity NG,Matthew Banks,--,2011-03-20
452,bucketsort,Mellionard Lopera,none,2011-04-04
453,bucketsort,Mellionard Lopera,student,2011-04-04
454,maze game,caspar wylie,,2011-04-04
455,game,caspar wylie,,2011-04-04
456,wikimodel,Evgeniy Patarakin,WikiVote!,2011-04-05
457,ghostly,suslik,,2011-04-06
458,sheepcompete,Christen Drescher,Rutgers,2011-04-06
459,flame,suslik,,2011-04-07
460,WealthDistribRes,Romulus-Catalin Damaceanu,"""Petre Andrei"" University",2011-04-11
461,BIGmodel,Tomas Rosival,Technical University Kosice,2011-04-17
462,agentworld,suslik,,2011-04-22
463,MCLOUD-1,M Iudin,,2011-05-05
464,Model 31-03-2011,Gary O'Brien,"University of Hertfordshire, UK",2011-05-15
465,19Mai11,Toumi Anis,IresCom - Faculté des Sciences de Gabès - Tunisie,2011-05-20
466,19Mai11,Toumi Anis,IresCom - Faculté des Sciences de Gabès - Tunisie,2011-05-20
467,Gestion de migration 25mars11,Toumi Anis,IresCom - Faculté des Sciences de Gabès - Tunisie,2011-05-20
468,Gestion de migration 25mars11,Toumi Anis,IresCom - Faculté des Sciences de Gabès - Tunisie,2011-05-20
469,3Economies,Romulus-Catalin Damaceanu,Petre Andrei University of Iasi,2011-05-31
470,Diabetes,Rodolfo Sanchez,Consultant,2011-06-05
471,Diabetes,Rodolfo Sanchez,Consultant,2011-06-05
472,Diabetes1,Rodolfo Sanchez,Consultant,2011-06-05
473,Agent-based N-person prisoner's dilemma,Michal Czaplinski,UC Santa Barbara,2011-06-08
474,circle,Artis,,2011-06-08
475,nn-inspiredCA,suslik,,2011-06-16
476,MattnKim,Shelley Shin,,2011-06-19
477,MattnKim,Shelley Shin,,2011-06-19
478,CSS Generator,[InsertNameHere]&lt;3,CDEForums,2011-07-12
479,moranforagers,Travis Monk,University of Otago,2011-07-31
480,moranforagers,Travis Monk,University of Otago,2011-08-05
481,METAMORFOSIS,Luis Belmonte,,2011-08-07
482,Segundo jogo do conhecimento 2,claudio augusto borges pavani,IPEN,2011-08-12
483,PERSECUTIONS,Luis Belmonte,,2011-08-16
484,Feldman NetLogo Interface Algorithmic Finance,Todd Feldman,San Francisco State University,2011-08-17
485,Classic Traveling Salesman,Wes Hileman,Studio 9 Designs,2011-08-17
486,merchant,Adam Marchetti,None,2011-08-20
487,merchant,Adam Marchetti,None,2011-08-22
488,finalfin,Parinya Jomapng,Chiang Mai University,2011-08-22
489,game,suslik,,2011-08-30
490,Solar Field Mapping 1.03,Kenneth Schatten,ai-solution,2011-09-12
491,Solar Field Mapping 1.03,Kenneth Schatten,ai-solution,2011-09-13
492,Solar Field Mapping 1p03 ,Kenneth Schatten,ai-solution,2011-09-13
493,worldfullofmagic,suslik,,2011-09-16
494,trabajo final,"Jose Antonio Rivera Dolores, Isaid Reyes Martínez",CINVESTAV,2011-09-25
495,FriendshipGameRev1.0.16,David S. Dixon,University of New Mexico,2011-10-07
496,FriendshipGameRev1.0.18,David S Dixon,University of New Mexico,2011-10-10
497,FriendshipGameRev_1_0_18,David S Dixon,University of New Mexico,2011-10-10
498,The knowledge game,claudio augusto borges pavani,INPE,2011-10-13
499,Prisoner's dilemma by claudio,claudio augusto borges pavani,INPE,2011-10-13
500,Agent-Based Model 7-20-2010,Pradeep Kumar,,2011-10-13
501,FriendshipGameRev_1_0_25,David S. Dixon,,2011-10-15
502,particle-attraction-repulsion,suslik,,2011-10-17
503,Haystacks,Jen Badham,Critical Connections,2011-10-18
504,Gravity (Final) - Ivaylo M,Ivaylo Madzharov,Stuyvesant High School,2011-10-18
505,Agent-Based Model,Pradeep Kumar,,2011-10-20
506,Agent-Based Model,Pradeep Kumar,,2011-10-20
507,NSS,Prashant Tiwari,Student,2011-10-21
508,Haystacks,Jen Badham,Critical Connections,2011-11-21
509,NatSelv5,Claire Bickel,Vanderbilt University,2011-11-25
510,Adaptations 14,Claire Bickel,Vanderbilt University,2011-11-25
511,Center of Mass v3,Bryan Kent Wallace,Fisk/Vanderbilt,2011-11-29
512,Center of Mass v3,Kent Wallace ,Fisk/Vanderbilt,2011-11-29
513,SolarSystemEnd,Toby Skinner,Portland State University,2011-12-15
514,Flocking1Advers,Janusz Strzepek,University of Colorado,2011-12-15
515,Butterfly60x60Final,"Dove, Hundertmark, Italia, Kakar, Rahman, Stamboliyski, Summers, Uddin",Adelphi University Complexity Seminar,2011-12-19
516,Steve Keens Endogenous Money Model (Agent-based implementation),Itwill Neverwork,,2011-12-19
517,trytodrawsolution,Moosha,Personal Work,2012-01-01
518,Solar Field Mapping 1p07,Ken Schatten,,2012-01-05
519,Kanban3_v5,Mirko Blüming,private,2012-01-08
520,Groupintegration_nobreededlinks,Martin C. Baker,WSU,2012-01-15
521,Bird's Eye,Shayryl Mae Ramos,"Media Labs, Sunchon National University",2012-01-25
522,PD N Iterated morestrats noise evolution,Lasse Lindqvist,,2012-01-30
523,Supply Chain,Alvaro Gil,École Polytechnique de Montréal,2012-02-06
524,intersectionSimulation,Jakub Stonawski,,2012-02-07
525,moranforagers,Travis Monk,University of Otago,2012-02-07
526,Projectile Attack by ridic,,,2012-02-08
527,Hemangioblast Determination,Jerry Rhee,CMRC/Northwestern,2012-02-26
528,TraitScape,Heather Bird Jackson,Carleton University,2012-02-27
529,Improved Clonal Selection Algorithm for Solving Travelling Salesman Problem (v.4.1.3),"Adil Baykasoglu, Alper Saltabas, A. Serdar Tasan, Kemal Subulan",Dokuz Eylul University,2012-03-04
530,Prisoner's dilemma 3_0,Lasse Lindqvist,,2012-03-06
531,Diffusion3,Mallory Owen,Harvard University,2012-03-09
532,Taller conceptos basicos,x,x,2012-03-10
533,SpeciesWorld,,,2012-03-26
534,Graphical Traffic Simulator,,,2012-03-26
535,PARASITERMINATOR_1,Angel Criado,"University of Alcala, (Madrid) - SPAIN",2012-03-27
536,PARASITERMINATOR_2,Angel Criado,"Universidad de Alcala (Madrid), SPAIN",2012-03-27
537,hydrogeol,Fleurant,AgroCampus Ouest,2012-03-30
538,bc,Jan Lorenz,"Center for Social Science Methodology, Carl von Ossietzky University of Oldenburg",2012-03-30
539,land-random,Erel Segal Halevi,Bar Ilan University,2012-04-08
540,land-income,Erel Segal Halevi,Bar Ilan University,2012-04-11
541,land-income,Erel Segal Halevi,Bar Ilan University,2012-04-11
542,at,Taha Ahsin,Haverford College,2012-04-11
543,parkingmodel,Relinde Nieuwborg,,2012-04-14
544,TaskAllocation,Klaus G. Troitzsch,Universität Koblenz-Landau,2012-04-21
545,abm art,Pieter Steenekamp,,2012-04-21
546,project,,,2012-04-23
547,diet_breadth,,Michael Barton,2012-05-01
548,Kiri test 2,Kiri,University of western sydney,2012-05-01
549,Symptom Spread Model,"Van Borkulo, C.D., Borsboom, D., Nivard, M.G. and Cramer, A. O. J. ","University of Amsterdam, the Netherlands",2012-05-23
550,UNMdensity-fidelity 2.1.1,Daniel Washington,University of New Mexico CS department,2012-06-01
551,FinalProj,Andy Wang,,2012-06-10
552,game1,s,,2012-06-15
553,Symptom Spread Model_browser,Claudia van Borkulo,,2012-06-17
554,left-right-game,Ralph Turner,None,2012-06-18
555,left-right-game,Ann,CCL,2012-06-19
556,FastMIS_from_1986,Antonio Lo Russo and Carmelo Scarso,"student at ""La Sapienza"" University of Rome",2012-06-29
557,value-iteration,Nooreddin Naghibolhosseini,,2012-07-12
558,BEFERGYONET MODEL,"Inocencio Rodriguez, Gerard D’Souza, Edward Rayburn and Tom Griggs",West Virginia University-Resource Management Division/Extension Service,2012-07-18
559,ClimateWise,Mike L Anderson,self,2012-08-01
560,game3,s,,2012-08-03
561,FlockingColor_v5,Norman Lee Johnson,Referentia Systems,2012-08-03
562,ClimateWise1.1,Mike L Anderson,self,2012-08-09
563,ClimateWise1.2,Mike L Anderson,self,2012-08-10
564,HOTnet,Marcello Tomasini,University of Modena and Reggio Emilia,2012-09-16
565,GBLCSA,,,2012-09-24
566,VisualizationCommunities,,,2012-09-25
567,Frogger Simple Reflect Agent,Mochamad Agung Tarecha,UIN Maulana Malik Ibrahim Malang,2012-10-10
568,Party Segregation,Asish Ghosh,,2012-10-12
569,Evil Bunny Bully Model,Sean Kelly,Boise State University,2012-10-23
570,vjezba_jednoliko pravocrtno gibanje,,,2012-11-04
571,Fashion-Models,Lau Wee Kiat,Nanyang Technological University,2012-11-12
572,assnfinal_chongpickyeeclaudia,Claudia Chong,,2012-11-13
573,Smoking motivation peer pressure,M.A. Helmich,Nanyang Technological University / University College Utrecht,2012-11-13
574,Final-Tan Yongzhi,Tan Yongzhi,Nanyang Technological University,2012-11-14
575,PD N-Person with Strategies,Tan Yongzhi,Nanyang Technological University,2012-11-14
576,FinalProject_TanXinYi,Tan Xin Yi,"Nanyang Technological University, Singapore (HP4211)",2012-11-15
577,Talk of Network,Cindy,Nanyang Technological University,2012-11-15
578,Positive &amp; Negative Talk of Network,Cindy,Nanyang Technological University,2012-11-15
579,nilah_finalproject,Nilah,,2012-11-15
580,Facebook share on group buying decision,Ong Shu Fang ,,2012-11-15
581,"Immigrant, Leadership and Soical change",Han shuyu,Nanyang Technological University,2012-11-16
582,The Influence of Obesity in a Social Network,Elaine Kho,"Nanyang Technological University, Singapore",2012-11-16
583,Projectfinal,Yeo Shu Hui,,2012-11-16
584,advanced enzyme kinetics,Georg F. Weber,University of Cincinnati,2012-11-16
585,assnfinal_chongpickyeeclaudia,Claudia Chong Pick Yee,,2012-11-16
586,Peloton 1.0 Nov 16 2012,Hugh Trenchard,independent researcher,2012-11-16
587,finalproject,YANG SHANSHAN,Nanyang Technological University,2012-11-17
588,Peloton 1.01 Nov 17 2012,Hugh Trenchard,independent researcher,2012-11-17
589,finalproject,Yang Shanshan,Nanyang Technological University Singapore,2012-11-17
590,finalproject,YANG Shanshan,Nanyang Technological University Singapore,2012-11-18
591,Peloton 1.02 Nov 19 2012,Hugh Trenchard,,2012-11-19
592,20121201 Final Project,Marc Mondhaschen,Portland State University,2012-12-01
593,TermitIA,Rodolfo Sanchez,,2012-12-03
594,Rob-with-qlearn,Amrutha,,2012-12-17
595,Dados,Francisco Restivo,Portuguese Catholic University,2012-12-18
596,admisiones_breeds-lists,Jeison Cárdenas,,2012-12-19
597,admisiones_breeds-lists2,Jeison Cárdenas,,2012-12-19
598,Dados,Francisco Restivo,Universidade Católica Portuguesa,2012-12-19
599,OSOSS1rc2,David Wiley,Brigham Young Univeristy,2012-12-24
600,noughts and crosses 6,Charles Wainman,Bangor University,2012-12-28
601,noughts and crosses 6,Charles Wainman,Bangor University,2012-12-28
602,FinalModel,Gary O'Brien,,2012-12-30
603,Lattice-Walking Turtles_15,waleed M. Al-Adrousy,"mansoura university, computers and information sciences faculty",2013-01-11
604,twitter,B.P. Kusumo Bintoro,Bakrie University - Faculty of Economics &amp; Social Science - Dept.Management,2013-01-20
605,twitter,B.P. Kusumo Bintoro,Bakrie University - Faculty of Economics &amp; Social Science - Dept.Management,2013-01-25
606,Solar Field Mapping 1p07,Kenneth Schatten,ai-solutions,2013-01-26
607,Combustion of Methane,Stephen Fether,Dayton Regional STEM School,2013-02-04
608,Peloton 2.0 Feb 12 2013,Hugh Trenchard ,,2013-02-12
609,Peloton 2,Hugh Trenchard,,2013-02-13
610,Jeopardy,Ali Saad,,2013-02-20
611,agriculture003.5,Andrew Reckers,Athenian High School,2013-02-21
612,boxhead,Sunniyatul Quaderin,Sunco,2013-02-28
613,de_groot,Dmitry,BSTU,2013-03-03
614,VisuzlizationCommunities,Vivienne Kennedy,Independent,2013-03-08
615,Axelrod_Cultural_Dissemination,Arezky H. Rodríguez,Autonomous University of Mexico City (UACM),2013-03-14
616,SIS_ERDiffusion,,,2013-03-17
617,SIS_ERDiffusion,qthurier,,2013-03-17
618,Peloton Simulation 3,Hugh Trenchard,,2013-03-28
619,Peloton Simulation 3,Hugh Trenchard,,2013-03-29
620,Peloton Simulation 3_,Hugh Trenchard,,2013-03-29
621,Growth_Used_in_Chapter_and_Distributed,Randall Boone,Colorado State University,2013-03-30
622,Smog,Madison Fitzpatrick,Northwestern University,2013-04-01
623,Fisheries_and_Management_v3,Stuart Kininmonth,Stockholm Resilience Centre,2013-04-18
624,Archive,Pierre-Olivier Chasset,Independant scientist,2013-04-18
625,OptionsMarket,William Elliott,,2013-04-18
626,WOW lol this is cool by antonio,Antonio Alexander,,2013-04-23
627,WOW lol this is cool by antonio,Antonio Alexander,,2013-04-23
628,Track_and_Field,Thomas Yeh,University of Michigan,2013-04-23
629,MinimumWages,Klaus G. Troitzsch,Universität Koblenz-Landau,2013-04-26
630,PJ_Kelton4_10_queues,jose costas,Autronil,2013-04-28
631,DiscreteLife5,Van Parunak,Soar Technology,2013-04-29
632,WSN-Project-20-Final-6,Rafi Mahabbat Bin Belal,,2013-05-02
633,Educational Model of Speciation,Carter Merenstein,Middlebury College,2013-05-12
634,version1_2,Christina Klaus; Hendrik Hänke,Universität Tübingen; Promotionskolleg Agrarökonomik,2013-05-13
635,version1_2,Christina Klaus; Hendrik Hänke,Universität Tübingen; Promotionskolleg Agrarökonomik,2013-05-13
636,LLNL upload051613,Michelle Saksena,Ohio State University,2013-05-16
637,RenKraut-SimulateOnlineCommunity,Yuqing Ren &amp; Robert Kraut,University of Minnesota,2013-05-17
638,"Siste Mafia33, edited 2",Adrian Ordemann and Benedito Faustinoni Neto.,Università Degli Studi di Torino,2013-05-21
639,MEGanE SysDyn Netlogo,Francisco Dieguez,Instituto Plan Agropecuario,2013-05-23
640,EmptyBinCity,Christos Tzivanakis,,2013-05-28
641,virus 2,xarty ulep,,2013-06-02
642,Pond Macroscopic,Systems&amp;Cycles,,2013-06-06
643,Pond Maicroscopic,Systems&amp;Cycles,,2013-06-06
644,Carbon Cycle,Systems&amp;Cycles,,2013-06-06
645,Pond Macroscopic,Systems&amp;Cycles,,2013-06-06
646,Fish Spawn,Systems&amp;Cycles,,2013-06-06
647,Wealth Distribution2,Abel Porras,,2013-06-10
648,CoordinationAndSustainability,Klaus G. Troitzsch,Universität Koblenz-Landau,2013-06-19
649,PJ_beergame,jose costas,Autronik,2013-06-23
650,Kelly,Francisco Restivo,Universidade Católica Portuguesa,2013-06-23
651,Dados2,Francisco Restivo,Universidade Católica Portuguesa,2013-06-23
652,PJ_freddie,jose costas,Autronik,2013-06-26
653,aacondro_football_v1,Aryo Adhi Condo,"Applied Meteorology, IPB, Bogor",2013-06-27
654,aacondro_football_v1,Aryo Adhi Condro,"Applied Meteorology, Mathemaics &amp; Natural Sciences, Bogor Agricultural University, Indonesia",2013-06-27
655,aacondro_football_v1,Aryo Adhi Condro,"Applied Meteorology, Mathemaics &amp; Natural Sciences, Bogor Agricultural University, Indonesia",2013-06-27
656,Untitled,gfhngdfh,dfghdfgh,2013-07-01
657,PJ_Dijkstra,jose costas,Instituto Politécnico de Viana do Castelo,2013-07-09
658,Symptom_Spread_Model,Claudia van Borkulo,University of Amsterdam,2013-07-11
659,Fracking.v13a,Horwitz,The Concord Consortium,2013-07-22
660,GraphingRationalFunctionsGame,Edwin Schasteen,,2013-07-23
661,Location Game,Jeff Russell,Ashland University,2013-08-13
662,War Guard Queen 2,Andrew McDermott,University of Illinois Urbana/Champaign,2013-08-16
663,model,Rogier De Langhe,Tilburg University,2013-08-31
664,Lattice-Walking Turtles_OwnAlgorithm_25_startCustome_printingColors,waleed m. aladrousy,mans FCI,2013-09-01
665,SudokuGame,Muhammad Rizwan,NUST-SEECS,2013-09-02
666,Social influence in networks,Michael Maes,ETH Zurich,2013-09-05
667,Modelo 1.3.6.5,Computational Modelling Research Group,Instituto Federal de São Paulo - Campos Piracicaba,2013-09-05
668,PJ_hungarian_v2,jose costas,IPVC ESCE Escola Superior de Ciências Empresariais,2013-09-08
669,Astardemo,Meghendra Singh,"Tata Research Development and Design Center, Pune, India",2013-09-10
670,PJ_TSP_heuristics_sep2013_V5,Jose Costas,IPVC ESCE Escola Superior de Ciências Empresariais,2013-09-18
671,Kuhnian Paradigm Shift 2,Jason Rines,UNC Charlotte,2013-09-18
672,Astardemo,Meghendra Singh,"Tata Research Development and Design Center, Pune, India",2013-09-19
673,Lattice-Walking Turtles_OwnAlgorithm_25_startCustome_printingColors,waleed m. aladrousy,mansoura fci,2013-09-19
674,WolfMoose,Van Parunak,Soar Technology,2013-10-17
675,OptionsMarketWithJumps,William Elliott,Magnolia Prep Academy,2013-10-22
676,Bayes1D,Travis Monk,University of Otago,2013-10-30
677,Spatial,Travis Monk,University of Otago,2013-10-30
678,Drift,Travis Monk,University of Otago,2013-10-30
679,Bayes1D,Travis Monk,University of Otago,2013-10-30
680,Drift,Travis Monk,University of Otago,2013-10-30
681,ecologicalconstraints,Travis Monk,University of Otago,2013-10-30
682,Information Cascades,Rob Carrington,,2013-11-07
683,Solar System Formation,Joel Schwartz,Northwestern University (Dept. of Physics &amp; Astronomy),2013-11-11
684,ActualSurveyRev12,David S. Dixon,University of New Mexico,2013-11-16
685,Vulnerability_To_Depression,Claudia van Borkulo,University of Amsterdam,2013-12-18
686,NatSelGame,Michael Zito,Yorktown High School,2013-12-24
687,Vulnerability_To_Depression,Claudia van Borkulo,University Medical Center Groningen/University of Amsterdam,2013-12-30
688,NatSelGame,Michael Zito,Yorktown High School,2014-01-03
689,sync,Yuanzhao Zhang,Zhejiang Univ,2014-01-03
690,knowledge homophily and expertise seeking beta2,Maurice Champagne,George Mason University,2014-01-09
691,Opinion Diffusion in Congressional Committees,Maurice Champagne,George Mason University,2014-01-12
692,VirtualCryptModel020413,R. Bravo and D.E. Axelrod,Rutgers University,2014-01-15
693,VirtualCryptModel020413G,Rafael Bravo and David E. Axelrod,Rutgers University,2014-01-16
694,MARS Migration,Jakob Virgil,None-tech,2014-01-20
695,MARS Migration,Jakob Virgil,None-tech,2014-01-20
696,El Farol Attack of the coin flippers,Rolf Stenholm,,2014-01-24
697,Pandoran Ecosystems,Kaan,,2014-01-30
698,Astardemo,Meghendra Singh,"Tata Research Development and Design Center, Pune",2014-01-30
699,BRADFORD SOCIAL NORMS 1-31-2014 Emperors Dilemma,John Hamilton Bradford,,2014-01-31
700,BRADFORD PD PUBLIC GOODS GAME FULL 1-31-14 NETLOGO,John Hamilton Bradford,,2014-01-31
701,Nanjing_CI_SIM_27_Nov_2013,Helin Liu; Elisabete A. Silva,"LISA Lab Cambridge University, UK",2014-02-17
702,adverselockinmodel2,Rishabh Kumar ,New School for Social Research,2014-03-03
703,Technology diffusion ABM,Peter Bodo,Southern Connecticut State University,2014-03-10
704,ARDERS,Klaus G. Troitzsch,Universität Koblenz-Landau,2014-03-17
705,epiDEM plus baboon,C.Raby,University of Liverpool,2014-04-01
706,Extinction of Homo Economicus,Rolf Stenholm,msc,2014-04-24
707,Checkers,Jiří Lukáš,,2014-04-30
708,"The Mafia Model - Interaction between police, mafia and storewoners",Adrian Haugen Ordemann and Benedito Faustinoni Neto,,2014-05-04
709,HabitatSim Teaching,"Lucas Kushner, Binney Girdler",Kalamazoo College,2014-05-13
710,Expulsion Model3cDecember2010,Michele Buttò,Independent Researcher,2014-06-10
711,tragedy of commons(ver.4.2),Young Joon Oh,University of Texas at Dallas,2014-06-11
712,Expulsion Model3cDecember2010,Michele Buttò,Independent researcher,2014-06-17
713,Expulsion Model3cDecember2010,Michele Buttò,USP - Universidade de São Paulo,2014-06-23
714,Sunshine or Shield Model,Michele Buttò,,2014-06-25
715,Day and Night,Abhishek Bhatia,"USICT,GGSIPU",2014-06-26
716,BRADFORD Sakodas Model of Social Interaction 6-25-14,John Hamilton Bradford,Mississippi Valley State University,2014-06-26
717,BRADFORD Expectations Luhmann 6-26-14,John Hamilton Bradford,Mississippi Valley State University,2014-06-26
718,BRADFORD MINDING NORMS Hunting for Norms 7-1-14,John Hamilton Bradford,Mississippi Valley State University,2014-07-01
719,BRADFORD WFF N Proof Quiz 7-4-14,John Hamilton Bradford,Mississippi Valley State University,2014-07-03
720,Neuromuscular junction ABM - Final NetLogo Code,Richard R. Chapleau,Henry M. Jackson Foundation for the Advancement of Military Medicine,2014-07-15
721,testupload,Frank Duncan,CCL,2014-07-18
722,GameTheory,Rick O'Gorman,"Dept of Psychology, University of Essex",2014-07-22
723,Ueb5,Everardo Gonzalez,---,2014-07-28
724,Endocell,Barakah Quader,,2014-08-02
725,Population regulation via feedback,"Klash, Phil and Karsai, Istvan",EAST TENNESSEE STATE UNIVERSITY,2014-08-06
726,BRADFORD LEVIATHAN MODEL SHORT 7-4-14,John Bradford,MVSU,2014-08-08
727,Curb Parking Simulation Model,Yanan Xin,UPenn,2014-08-26
728,zombies,Neil Smith,The Open Univeristy,2014-09-22
729,Montecarlo circle,Antonio Hoyos,Universidad de Antioquia,2014-10-03
730,Transaction Costs in Financial Market,Marek Spisak &amp; Roman Sperka,"Silesian University in Opava, School of Business Administration in Karvina",2014-10-05
731,rocsispap,Rashid Mhar,,2014-10-07
732,Forex,Marjo Kaci,,2014-10-12
733,партии 2,Владимир,РУДН,2014-10-19
734,parking,Murilo Moraes,Data for thoughts,2014-10-20
735,zombie-city,Mingsheng Tang,"College of Computer, National University of Defense Technology",2014-10-22
736,AVI,Mingsheng Tang,"College of Computer, National University of Defense Technology",2014-10-27
737,Net_TDMA -,Kumud Wasti,University of Oulu,2014-10-27
738,Priority_slots_wireless_dynamic,Kumud Wasti,University of Oulu,2014-10-27
739,Radio_wireless,Kumud Wasti,University of Oulu,2014-10-27
740,AVI+,Mingsheng TANG,"College of computer, National University of Defense Technology",2014-11-03
741,Graph_search-DFS_and_BFS,Jiri Lukas,,2014-11-03
742,Spiralator,David Slauson,,2014-11-04
743,Town - Traffic &amp; Crowd simulation,Jiri Lukas,,2014-11-11
744,Spiranimator,David Slauson,,2014-11-21
745,util15,,,2014-12-11
746,util15,Syarif Hidayat,University Al Azhar Indonesia,2014-12-11
747,Simulació institut (30-8-14) (originalnou_codi),Gerard Munté,Arnau Cadell TdR,2015-01-12
748,model institut amb xarxes bo,Gerard Munté,Arnau Cadell TdR,2015-01-12
749,B-Z reaction model as primitive phase transition and reaction diffusion_system ,Dalibor Stys,"Institute of Complex Systems FFPW, USB",2015-01-19
750,sync_dyn,Yuanzhao Zhang,NU,2015-01-28
751,NitrificationModelRutgersABedit,Annette Brickley,,2015-02-02
752,Flocking-softcontrol,Jing Han,"Academy of Mathematics and Systems Science, Chinese Academy Science, China",2015-02-23
753,NOERS,Klaus G. Troitzsch,Universität Koblenz-Landau,2015-03-07
754,"Predator, Prey, Poison",Stephen H. Jenkins,"University of Nevada, Reno",2015-03-16
755,v2 - George-Alexandru Serea _en,George Alexandru Serea,Politehnic University of Bucharest,2015-03-23
756,AVI,Mingsheng Tang,"College of Computer, National University of Defense Technology",2015-04-10
757,Boomshakalaka_shelton-atagi-keene-ross,"Delia S. Shelton, Eriko Atagi, Justin R. Keene, Travis Ross",Indiana University,2015-04-20
758,housing-norm-adherence-dynamics,Martin Hájek,"Faculty of Social Sciences, Charles University in Prague",2015-05-01
759,Day&amp;Night,David Weintrop,Northwestern University,2015-05-13
760,AIDS,bendaoud,universite bordeaux,2015-05-19
761,Parking_oneLane,Kory,,2015-05-20
762,Turnout - Network,Daniel Diermeier,"University of Chicago, Harris",2015-06-01
763,Social Consensus - Network,Daniel Diermeier,"University of Chicago, Harris",2015-06-01
764,Potts - Network,Daniel Diermeier,"University of Chicago, Harris",2015-06-01
765,Ising - Network,Daniel Diermeier,"University of Chicago, Harris",2015-06-01
766,Heterogeneous Voter - Network,Daniel Diermeier,"University of Chicago, Harris",2015-06-01
767,Confident Voter - Network,Daniel Diermeier,"University of Chicago, Harris",2015-06-01
768,Axelrod - Network,Daniel Diermeier,"University of Chicago, Harris",2015-06-01
769,airportdef,Javier Carbo,Univ. Carlos III of Madrid,2015-06-04
770,CamEncounter_v9.1_20151112,Kevin Blecha,Colorado State University,2015-06-06
771,residential mobility as a result of gentrification,Mohammad Hadi Kaboli,Université de Strasbourg,2015-06-27
772,HUMANÍA (3),Nadya González-Romero,Pontificia Universidad Javeriana,2015-07-01
773,cellular automata music generator,Xue Chao,CUHK,2015-07-15
774,Utility Load Model 2015,Ulisses Lacerda de Morais,Faculty of Economics of the University of Coimbra,2015-07-23
775,Utility Load Model 2015,Ulisses Lacerda de Morais,Faculty of Economics of the University of Coimbra,2015-07-23
776,Utility Load Model 2015,Ulisses Lacerda de Morais,University of Coimbra,2015-07-28
777,Ants2015,Enée Gilles,I3S laboratory and Nice Sophia Antipolis University,2015-08-21
778,communication-ak,Anonymous for AAAI Review,Anonymous for AAAI Review,2015-09-15
779,SNN_ARTIFICIAL_INSECT_MODEL_NETLOGO,Cristian Jimenez Romero,The Open University UK,2015-09-18
780,Sierpinski2015,Miloš Adamović,,2015-09-20
781,Sierpinski2015,Milos Adamovic, ,2015-09-20
782,PJ_petri_DiningPhilosophersR04,jose costas gual,ESCE-IPVC,2015-10-04
783,HB-SOTL.8.10,Pedro S. Rodríguez-Hernández &amp; Juan C Burguillo-Rila,University of Vigo (Spain),2015-10-15
784,TurtleHunt,Ethan Carson,,2015-10-30
785,FINAL,Abhishek Bhatia,,2015-11-08
786,couzin,Abhishek Bhatia,,2015-11-08
787,Loop de Langton,JAIME LUIS TORRES FLÓREZ,UNIVERSIDAD DE PAMPLONA  (COLOMBIA),2015-11-11
788,Loop de Langton 2,JAIME LUIS TORRES FLÓREZ,UNIVERSIDAD DE PAMPLONA  (COLOMBIA),2015-11-11
789,Visual Dynamics_v.0.91,Seung Jae Lee,Mokwon Univ.,2015-11-12
790,physics-projectile-motion,Joseph Breisch,Edtech Trainings,2015-11-18
791,axelrod norms game,Paul Matthews,University of the West of England,2015-12-08
792,Visual Dynamics_v.0.91,Sarah,ccl,2015-12-09
793,Visual Dynamics_v.0.91,Sarah,ccl,2015-12-09
794,Loop de Langton 2,sarah,ccl,2015-12-09
795,Big_Bang,Sarah,ccl,2015-12-09
796,CompositeCollectiveDecisionMaking,Tomer J. Czaczkes,University of Regensburg,2015-12-13
797,Evolution of boundary-crossing behavior,Amanda E. Martin,"Carleton University, Ottawa, Ontario",2015-12-17
798,Learning Complicated Games -Galla&amp;Farmer (2012),Russell C. Thomas,George Mason University,2016-01-08
799,QuotaAbolition,Diti Oudendag,,2016-01-27
800,Musical Chairs REVISITED,Andreas Angourakis,Universitat de Barcelona ,2016-02-05
801,Evasión_fiscal,Erick Limas,Mx,2016-02-06
802,MIMICS v-CSI,"Carlos Barra, Enrique Canessa, Sergio E. Chaigneau",Universidad Adolfo Ibáñez,2016-03-08
803,Wine_v5,Tete Zhang,Worcester Polytechnic Institute,2016-03-16
804,Yeast_v5,Tete Zhang,Worcester Polytechnic Institute,2016-03-16
805,Mobility and extinction risk in human-altered landscapes,Amanda E. Martin,"Carleton University, Ottawa, Ontario",2016-03-21
806,Mobility and extinction risk in human-altered landscapes,Amanda E. Martin,"Carleton University, Ottawa, Ontario",2016-03-21
807,banks,alessandro barazzetti,QBT SAGL,2016-03-23
808,TBPatch,Pere-Joan Cardona and Clara Prats,Institut d’Investigació en Ciències de la Salut Germans Trias i Pujol &amp; Univ. Politècnica Catalunya,2016-03-30
809,gradient,Matthew Saponaro,University of Delaware,2016-04-12
810,EditedCode-CarCruise,Abha Trivedi,Motilal Nehru National Institute of Technology Allahabad,2016-05-09
811,EONOERS,Klaus G. Troitzsch,Universität Koblenz-Landau,2016-05-13
812,Cipolla's Stupid World,Andrea Cossu,Andrea Cossu,2016-05-15
813,nal,"kkjkk""k",nknkllkn,2016-05-22
814,Wolf Sheep Predation meh,dj,"student, not part of one",2016-06-06
815,Coop4SWEEEM_1-0_SPANISH,Sandra Mendez-Fajardo,Javeriana University,2016-06-13
816,ThisWorld_LisaYe_XiaokeLuo_Final,Lisa Ye/Xiaoke Luo,Stuyvesant High School,2016-06-16
817,MAP-K Final,"Edgar Manzanarez-Ozuna, Dora-Luz Flores, Alberto Abaroa, Carlos Castro, Rubén Castañeda-Martínez",Autonomous University of Baja California,2016-07-07
818,Genetic Inheritance,Emma,Cushing,2016-07-28
819,El Farol Network Congestion,Uri Wilensky,CCL,2016-08-24
820,Landscape Diversity,Ervin Wirth,BME,2016-08-24
821,Simulación de la adaptación Organizacional al cambio estructural,Jose David Vielma Moreno y Oswaldo Terán,Universidad de Los Andes,2016-09-14
822,Simulation of Organizational Adaptation to Structural Change,Jose David Vielma Moreno y Oswaldo Terán,Universidad de Los Andes,2016-09-14
823,SimulatingOrganizationalAdaptationtoStructuralChange,Jose David Vielma y Oswaldo Terán,Universidad de Los Andes,2016-09-16
824,EIPSymb - Site version,Gabriel Couto Mantese,University of São Paulo,2016-09-20
825,Dragonfly Fantasy VII Remake (1.3),,,2016-09-27
826,Fire in the forest,"Roland, B., Kampis, G., Karsai, I.",EAST TENNESSEE STATE UNIVERSITY,2016-10-08
827,Untitled,youcef,jojosef,2016-10-09
828,Working Model for RESPECT 9.14.15,Virginia Mckay,Washington University in St. Louis,2016-10-15
829,Airfoil Analysis,Lincoln Berkley,Concord Academy,2016-10-22
830,live5.php,d,d,2016-10-28
831,AntsAtWar,John Thomas,Cognitive Tools Ltd. LLC,2016-11-06
832,M&amp;S_Project,supraja,georgia state university,2016-11-29
833,clemModel,,,2016-12-06
834,Wolf Sheep Selective Predation,"Alexandre, T. S., Costa, V. &amp; Rego, R.",University of the Azores,2016-12-16
835,Wolf Sheep Predation Metapopulations v0912 FINAL!,"Inês Silva, Nicole Aguiar",University of the Azores,2016-12-16
836,sheep_n_dogs,Marouane Berrada,DSTI,2017-01-01
837,Wolf Sheep Predator-Mediated Coexistence,"Teresa S. Alexandre, Vanessa Costa &amp; Rúben Rego",Universidade dos Açores,2017-01-03
838,SegregationExtended,Klaus G. Troitzsch,Universität Koblenz-Landau,2017-01-19
839,Zombies good,Charles Lundquist,Dartmouth College,2017-01-20
840,Polyclonal_simulation,A. Fernández,IBMCP (UPV-CSIC),2017-01-26
841,Gibanje tijela DB,Dino ,gimnazija Leonardo da Vinci,2017-02-18
842,gibanje tijela S.O,Sara ,gimnazija Leonardo da Vinci,2017-02-18
843,gibanje tjela e.p.,elizabeta,gimnazija Leonardo da Vinci,2017-02-18
844,gibanjetijelaaz,aldo zuvela,gimnazija Leonardo da Vinci,2017-02-18
845,Jednoliko i nejednoliko pravocrtno gibanje,Hrvoje,gimnazija Leonardo da Vinci,2017-02-18
846,gibanjetjela2IM,Ivan Milinović,gimnazija Leonardo da vinci,2017-02-18
847,ponavljanje,kralj,gimnazija leonardo da vinci,2017-02-18
848,sara najnovije,Sara ,Srednja skola Leonardo da Vinci,2017-02-25
849,Evolution of Sex,K N Crouse,University of Minnesota,2017-03-03
850,Axelrod - Network,,,2017-03-06
851,Axelrod - Network,,,2017-03-06
852,Axelrod - Network,,,2017-03-06
853,Gratitude,Kemper Lipscomb,,2017-03-06
854,Xanthan_Gum_Bioreactor,Viola Sanderlin,Arizona State University,2017-05-01
855,Life of Pi(gs),Desi Suyamto &amp; Aritta Suwarno,Bogor Agricultural University &amp; Wageningen University and Research,2017-06-13
856,economy-of-forest-timber,Desi Suyamto,"Forest2020, Faculty of Forestry, Bogor Agricultural University",2017-06-14
857,Colon_Crypt_Model_110514_G,David E. Axelrod,Rutgers University,2017-06-15
858,DiscreteEventSimulation_QueuesServers,Nick Bennett,,2017-07-29
859,block69,Victor Peña-Guillen,Universidad nacional Agraria La Molina,2017-08-06
860,Model 2 - Social Conception of content,Noam Drory,,2017-08-09
861,Model 1 - Spread of content in a network,Noam Drory,,2017-08-09
862,Collaborative demand forecasting,Valentas Gruzauskas,Kaunas University of Technology,2017-08-16
863,Model_1_TCR MHC binding diffusion model,Aaron K. Neumann,University of New Mexico,2017-08-18
864,Model_2_BIOM514_ca oscillations tfa tfb,Aaron K. Neumann,University of New Mexico,2017-08-18
865,viral infection dynamics_T cell dynamics_IFN_NK,Aaron K. Neumann,University of New Mexico,2017-08-18
866,Collaborative demand forecasting,Valentas Gruzauskas,Kaunas University of Technology,2017-09-01
867,Wolf-Sheep Predator-Mediated Coexistence (FINAL),"Teresa S. Alexandre, Vanessa Costa &amp; Rúben Rego",University of Azores,2017-09-03
868,collect_roaming,Vincent Zha,TELUS,2017-09-06
869,viral infection dynamics_T cell dynamics,Aaron K. Neumann ,,2017-09-07
870,viral_dynamics,Aaron K. Neumann ,,2017-09-07
871,El Farol Network Congestion,Uri Wilensky,,2017-09-07
872,EFNC,Uri Wilensky,,2017-09-07
873,Cultural Drift_Neutral Model,Hartmut Derler,,2017-09-18
874,Nuclear Proliferation V1 - According to Waltz,Ryan M Nixon,Old Dominion University,2017-09-27
875,Supply Demand Predation,,,2017-10-02
876,csnycemodeler,Betsy DiSalvo,Georgia tech,2017-10-18
877,DemographicStochasticity,carleton univeristy ,carleton univeristy ,2017-10-21
878,banks,Alessandro Barazzetti,QBT SAGL,2017-10-22
879,"Local Policing and Colorism, Uni-directional Influence","Henry Smart, III",Virginia Tech,2017-10-26
880,"Local Policing and Colorism, Bi-directional Influence","Henry Smart, III",Virginia Tech,2017-10-26
881,block119,Victor Peña-Guillen,Universidad Nacional Agraria La Molina,2017-11-17
882,Toll_Simulator,Arthur Ruf Hosang da Costa,Deggendorf Institute of Technology,2017-11-24
883,Camada_de_ozoniov1,Abel Augusto Alves Moreira,Universidade de Brasília,2017-11-29
884,Camada_de_ozoniov1,Abel Augusto Alves Moreira,Universidade de Brasília,2017-11-29
885,Layout,Anna Gramm,,2017-12-03
886,fake news goede versie,Donny en Jochem,Regius College,2017-12-06
887,Wealth Distribution (Mod),,,2017-12-15
888,ABMGG,Rui Yu,University of Leeds,2018-01-11
889,RecycleMan,"Drew, Noah, Jasper, Aaliyah, Sonny, J.R. Perisha, Levi",ALCS,2018-01-11
890,TrafficLawEmergence,Klaus G. Troitzsch,Universität Koblenz-Landau,2018-01-22
891,TheftNorm,Klaus G. Troitzsch,Universität Koblenz-Landau,2018-01-22
892,AntHocLogo,Dan Kucherhan,,2018-01-24
893,The Socio-Natural Model,Kailin Hatlestad,Citizen Redux,2018-01-28
894,NETLOGO_FINALV6 (5),Eliora Henzler,UPenn,2018-01-31
895,Water_Cycle (Feb5version),Michelle Zhu,Montclair State University,2018-02-09
896,MultiColorAnt,Costantino Carugno,University of Turin,2018-02-17
897,Water_Cycle_MSU,ACMES Group,Montclair State University,2018-02-19
898,GlowwormModel,David J Merritt and Joshua Gilchrist,"School of Biological Sciences, The University of Queensland",2018-02-20
899,FractionRT,Alexandra Kasper,,2018-02-21
900,Hunter Gatherer Survival,Juan A. Barceló,Universitat Autònoma de Barcelona,2018-02-22
901,parental_investment_sexual_conflict,César González,,2018-02-25
902,DO2-VO2_regulation_01,Victor Iapascurta,"University of Medicine and Pharmacy, Chisinau, Moldova",2018-03-01
903,HUMANIA 2018,Nadya González-Romero,Pontificia Universidad Javeriana,2018-03-02
904,SimFI_endemic,Hélène Arduin,Université de Versailles - Inserm - Institut Pasteur,2018-03-08
905,SimFI_epidemic,Hélène Arduin,Université de Versailles - Inserm - Institut Pasteur,2018-03-08
906,SolarSystem,asda,asd,2018-03-15
907,SES_DEB-IBM_Goedegebuure_etal_PLOS,Merel Goedegebuure,"University of Tasmania, Institute for Marine and Antarctic Studies",2018-03-17
908,Discrete_Event-Model-for v6-02-18-03-18-1800,Russ Abbott,"California State University, Los Angeles",2018-03-18
909,Discrete_Event-Model-for v6-02-18-03-19-1500,Russ Abbott,"California State University, Los Angeles",2018-03-19
910,g.carvalho_Bacterial persistence in biofilms_netLogo6.0.3,Gabriel Carvalho,Université Lyon1,2018-03-26
911,Marage Market6,Ramezani A,"payame Noor,",2018-04-18
912,Water_Cycle_MSU,ACMES Group,Montclair State University,2018-04-23
913,Pertussis_Model,David Mills,Texas State University,2018-06-12
914,BeetleNavigation,Jake Hofgard,,2018-06-13
915,Organizational Responsibility Model,Guttenberg Ferreira Passos,Prodemge,2018-06-18
916,redistrictingPackNCrack,Anne Yust,The New School,2018-07-02
917,TIMELY_Model,Pia Backmann,Helmholtz-Centre for Environmental Research - UFZ ,2018-07-10
918,.ExampleABM_Time_Stepped.tmp,Emmet Beeker,The MITRE Corporation,2018-07-10
919,ExampleABM_Event_Driven_1,Emmet Beeker,The MITRE Corporation,2018-07-10
920,ExampleABM_Event_Driven_2,Emmet Beeker,The MITRE Corporation,2018-07-10
921,ExampleABM_Time_Stepped,Emmet Beeker,The MITRE Corporation,2018-07-20
922,Cooperation under ecological pressure. Cognitive adaptations,David N. Sousa,Universidade de Lisboa,2018-07-23
923,ABM_Ditu,Inti Romero,Universidad Austral de Chile,2018-07-31
924,AbandonmentAndAdoptionOfDogs,Canales_Silva,Universidad Austral de Chile,2018-08-03
925,Police_Operations,Luis Santana - Cristopher Tacul,Universidad Austral de Chile,2018-08-03
926,WaterAvailability,Jaime Klenner - Tomas Vera,Universidad Austral de Chile,2018-08-03
927,Behavior_of_Carbon_Dioxide_(ABM),Camilo Alarcón and Lucía Márquez,Universidad Austral de Chile,2018-08-03
928,Behavior_of_Carbon_Dioxide_(SDM),Camilo Alarcón and Lucía Márquez ,Universidad Austral de Chile,2018-08-03
929,Femicides_Model,"Daniel Molina, Victor Vargas",Universidad Austral de Chile,2018-08-03
930,CodeV7,"Francisco Gonzalez, Alejandra Hidalgo",Universidad Austral de Chile,2018-08-03
931,sistema_dinamico,"Alejandra Hidalgo, Francisco Gonzalez",Universidad Austral de Chile,2018-08-03
932,sistema_dinamico,"Alejandra Hidalgo, Francisco Gonzalez",Universidad Austral de Chile,2018-08-03
933,ComplexityInMusicVisualized,"Fabian Ruiz, Marco Alvarez",Universidad Austral de Chile.,2018-08-03
934,Genetic Drift,Carlo Maley,ASU,2018-08-27
935,Random Mating Diploid Drift,Carlo Maley,ASU,2018-08-27
936,fuel-of-evolution,Carlo Maley,ASU,2018-08-27
937,mutation-rate-and-rate-of-evolution,Carlo Maley,ASU,2018-08-27
938,evolution-of-mutation-rates,Carlo Maley,ASU,2018-08-27
939,SpatialPD,David N. Sousa,,2018-08-28
940,Ants Simple,深度碎片,,2018-09-15
941,Shark-Fish,nicole j isaacson,DU,2018-09-27
942,UK house market 2009 new setting,深度碎片,深度碎片,2018-10-02
943,nelwin,Murat Yildizoglu,GREThA-University of Bordeaux,2018-10-17
944,model-wom-information-seeking,Samuel Thiriot,EDF,2018-10-24
945,activity 1,,,2018-10-24
946,WNV model 181026,Stuart Eugene Thiel,Northeastern Illinois University,2018-10-26
947,Ding-Kongsoonthorn Investor,Yanxiang Ding; Patadon Kongsoonthorn,University of Pennsylvania,2018-11-08
948,traffic,"Tomas Javier Fernandez Battolla, Santiago Fuentes, Jose Ignacio Illi, Joaquin Nacht,  Mariana Falco","Universidad Austral, Facultad de Ingeniería, LIDTUA (CIC), Pilar, Buenos Aires, Argentina",2018-11-28
949,partitionsWeb,Fernando Sanchez,The University of Montana,2019-01-04
950,bobslife,ACMES MSU,Montclair State University,2019-02-11
951,knn,Vaibhav,Student,2019-03-04
952,Money Change,TzouvelekasEmmanuel ,Panteion University,2019-03-06
953,Netlogo specialist1,Bárbara Seaman,,2019-03-20
954,Alzheimers_Buildup_References,Grace Schwarz,ASU Biological Design ,2019-04-04
955,Simple P2P online lending environment,Bjoern H.,Sun Yat-sen University,2019-04-10
956,.Model_2. Iteration_Simplified model.tmp,Bjoern H.,Sun Yat-sen University,2019-04-10
957,Platform with risk management ability,Bjoern H.,Sun Yat-sen University,2019-04-10
958,Judicial Review.tmp,Alex Schwartz,University of Hong Kong ,2019-04-15
959,GeneticDrift_expanded,Juan Jose Garcia Mesa,Arizona State University,2019-04-16
960,BDE702_T2DM2,Devin Bowes,Arizona State University,2019-04-18
961,BDE 702 Model Assignment - Kostes,Warner Kostes,Arizona State University,2019-04-18
962,Mangal_Rhemuatoid Arthritis,Joslyn Mangal ,Arizona State University ,2019-04-21
963,Rhemuatoid Arthritis,Joslyn Mangal ,Arizona State University ,2019-04-21
964,Repressilator_Synthetic_Biology,Arren Liu,,2019-04-26
965,NewModel,,,2019-05-13
966,TSP,Xiong Wu,,2019-05-14
967,Microevolution Model,Alex Spencer,Tracy High School,2019-05-17
968,test,Alexandra Rusu,University of Amsterdam,2019-05-27
969,decision tree 0.2,Bora Ristic,Imperial College London,2019-05-27
970,EM,Snehal Bankatrao Shinde,"Visvesvaraya National Institute of Technology, Nagpur, Maharsashtra, India.",2019-06-06
971,link-05-4turtles-link-mouse-create,Isamu Shioya,Hosei University,2019-06-07
972,dovrat2017,David Dovrat,Technion,2019-06-13
973,braessparadoxon,Jürgen Reiter,,2019-06-16
974,2048 w: Turtles.nlogo V2,Jonah Keller,Stuyvesant ,2019-06-16
975,The Number Game,SHUBHANSHU MISHRA,"iSchool, UIUC",2019-06-22
976,flocking_under_predation,Christopher Wegl,,2019-06-27
977,treegrowth,Kai Bergmann,FH JOANNEUM,2019-06-30
978,Sinkhole,Vicky Kalogera,Reach for the Stars GK12 ,2019-07-05
979,ConspiracyTheory,Alexander Neuherz,FH Joanneum,2019-07-12
980,Bark beetle epidemic,Lin Xiang,University of Kentucky,2019-07-17
981,Forest Fire,Kevin Stessel,FH Joanneum,2019-07-21
982,Straight Lines,Uzochukwu Ugochukwu,University of East Anglia,2019-07-26
983,Forest Fire,Kevin Stessel,FH Joanneum,2019-07-29
984,heat-treatment,Felix Rauchenwald,FH-JOANNEUM,2019-07-31
985,Nuclear_Reactor_under_Control,Everton Rocha de Souza,FH-Joanneum,2019-07-31
986,Pirates-FINAL,Ciara Sibley,George Mason University,2019-08-02
987,Forest Fire,Kevin Stessel,FH Joanneum,2019-08-04
988,Pirates-FINAL,Ciara Sibley,George Mason University,2019-08-06
989,Forest Fire,Kevin Stessel,FH Joanneum,2019-08-11
990,Forest Fire_v1,Kevin Stessel,FH Joanneum,2019-08-15
991,Contour30,Garrett Love,North Carolina School of Science and Math,2019-08-23
992,Delaunay20,Garrett Love,North Carolina School of Science and Math,2019-08-23
993,dsReproCap,Joan Juhé Mas,,2019-08-30
994,one_love,Alberto Cottica,Edgeryders,2019-08-30
995,rotational grazing.logo,Jessica Shi,Jamestown High School,2019-09-01
996,Evolution,Jesper Lindmarker,Stockholm University,2019-09-03
997,phage project,Jessica Shi,Jamestown High School,2019-09-04
998,rotational grazing,Jessica Shi,Jamestown High School,2019-09-05
999,Best-Seller Model,John Solomon Tupas Legara,,2019-09-17
1000,Sylvatic YF model,Antônio Ralph Medeiros-Sousa,University of São Paulo,2019-09-20
1001,dovrat2017,David Dovrat,Technion,2019-09-26
1002,mars_indoors_mapping,Ken Fox &amp; Tomer Altman,Technion,2019-10-02
1003,boids_remake,mars.cs.technion.ac.il,Technion,2019-10-02
1004,QCA,Grace López Torres,Universidad Distrital Francisco Jose de Caldas,2019-10-07
1005,Ricardo&amp;Marx,Pietro Terna,"University of Torino, Italy",2019-10-09
1006,Minimal Genetic Algorithm,Cosimo Leuci,Cpia - Lecce,2019-10-09
1007,Minimal Genetic Algorithm,Cosimo Leuci,Cpia - Lecce,2019-10-09
1008,Minimal Genetic Algorithm,Cosimo Leuci,Cpia - Lecce,2019-10-10
1009,Simple Death Rates Fixation (1),,,2019-10-16
1010,netlogoproject (1) (1),"MIHS-18 Period 2 Anika Lechner, Vaiva Raisys",,2019-10-19
1011,BAM Maze Generator2,Benjamin Menashe,benjamaze.original,2019-11-02
1012,"Ultimatum Game v6.1 live and die by energy level, offspring partial random offer% rejection%",Ronald Paul Ng,"ICON Haematology, Singapore",2019-11-05
1013,NetlogoFinalProjectCUH,Jack Watke,USN Program Class,2019-11-18
1014,Urban Region Toy,Javier Sandoval,UrbanLab,2019-11-20
1015,Ricardo&amp;Marx_v.0.97,Pietro Terna,"University of Torino, Italy, retired professor",2019-11-25
1016,three_body_problem,Claudio Augusto Borges Pavani,UFRJ,2019-12-02
1017,problema_de_tres_corpos,Claudio Augusto Borges Pavani,UFRJ,2019-12-02
1018,DisasterResponse,Surya Poudel,,2020-01-03
1019,ReseauChaleur_HeatNetwork_v1,François Veynandt,University of Applied Sciences Burgenland,2020-01-08
1020,coinGame,Rupert Nagler,Information Design Institute,2020-01-10
1021,coinGame1,Rupert Nagler,Information Design Institute,2020-01-11
1022,coinGame2,Rupert Nagler,Information Design Institute,2020-01-11
1023,coinGame2,Rupert Nagler,Information Design Institute,2020-01-18
1024,coinGame1,Rupert Nagler,Information Design Institute,2020-01-18
1025,idoGather,Ido Zoref,Technion,2020-01-22
1026,Nitzan,Nitzan Madar,Technion,2020-01-22
1027,Multiplicative Growth and Inequality,Rupert Nagler,Information Design Institute,2020-01-22
1028,Throwing Coins - Inequality and Tax,Rupert Nagler,Information Design Institute,2020-01-22
1029,Rich get Richer vs Wealth Tax,Rupert Nagler,Information Design Institute,2020-01-22
1030,VitalyShalumov,Vitaly Shalumov,Technion,2020-01-23
1031,animationproject,B,,2020-01-25
1032,Flibs'NLogo 1.0.0,Cosimo Leuci,,2020-02-04
1033,Standard Lee Replication model v0.6,Andrea Gallucci,Università Ca' Foscari di Venezia,2020-02-15
1034,Standard Lee Replication model v0.6,Andrea Gallucci,Università Ca' Foscari di Venezia,2020-02-15
1035,Innate Immune Response 2014 adjusted 601,Gary An,"Department of Surgery, University of Vermont",2020-02-18
1036,DisasterResponse- 2,Surya Poudel,,2020-03-26
1037,Dissemination of Culture - NetLogo 6,Steve Yost,,2020-03-29
1038,.Infectous disease.tmp,Stefan Baumgartner,,2020-03-31
1039,KrillSwarm,Nick Record,Bigelow Laboratory for Ocean Sciences,2020-04-03
1040,IslandBiogeo_UpdatedForNetlogo6.1,Aly McKnight,Unity College,2020-04-04
1041,COVID-19 Transmission Simulation Control with ABCvR App,Haolong Hou,ABCvirusRADAR Project,2020-04-06
1042,SoofShoshana,Soof Shoshana,Technion MARS lab,2020-04-10
1043,Probabilistic_Pursuit_on_the_Grid_1996,Ramy Masalha,Technion MARS lab,2020-04-10
1044,Infectous disease,Stefan Baumgartner,Herr,2020-04-13
1045,Multitasking email V1,Xavier Bronlet,AccelerationLab Ltd.,2020-04-14
1046,Multitasking email V1.1,Xavier Bronlet,AccelerationLab Ltd.,2020-04-14
1047,Income-Spatial dynamics,Aashish panwar,,2020-04-15
1048,GarbageCan,Guido Fioretti,University of Bologna,2020-04-20
1049,GarbageCan_organizations,Guido Fioretti,University of Bologna,2020-04-20
1050,project1-0,JEAN MILPIED,DSTI,2020-04-23
1051,Simulation of housing stocks and residents relocation in Urban Village Development,Tong Wu,Penn Design,2020-04-24
1052,ApoSim-v2.3-PeerJ-Upload-Resubmission,Woncheol Song,Seoul National University Laboratory of Behavioral Ecology and Evolution,2020-05-04
1053,ApoSim-v2.3-PeerJ-Upload-Resubmission,Woncheol Song,Seoul National University Laboratory of Behavioral Ecology and Evolution,2020-05-04
1054,spatialChaos,Zineb Elhamer,Zineb Elhamer,2020-05-08
1055,HW53,Riddhi Aggarwal and Vivien Li,,2020-05-13
1056,PaleBacon52,Mary Steinburg ,N/A,2020-05-13
1057,hw54,,,2020-05-13
1058,hw53,"Shirley Tan, Michael Lam",Stuyvesant,2020-05-13
1059,Airbnb2.web,Chao Yu,Cornell University,2020-05-13
1060,Skin flora microbiome,Caius Gibeily,,2020-05-14
1061,Skin flora microbiome,Caius Gibeily,,2020-05-14
1062,Simulation of housing stocks and residents relocation in Urban Village Development,Tong Wu,Penn Design,2020-05-21
1063,model,,,2020-05-23
1064,FSM_code,David Fuente,Polytechnic University of Valencia,2020-05-31
1065,estornudov6v1Población externa,Miguel Angel Rodriguez Roman,Universidad de Huelva,2020-06-03
1066,Multitasking email V1.1,Xavier Bronlet,AcceleratuonLab,2020-06-07
1067,alzheimers_brain_connectivity_final,Clàudia Valiente and Paula Ros,,2020-06-10
1068,masks_master_v1_1,Matthew Stieg Alex Brown,University of Michigan,2020-06-11
1069,turtles-link-mouse-create,Ken Yajima,,2020-06-19
1070,metapop,Jon Bennie,University of Exeter,2020-06-22
1071,Helechos,Jorge A Melendez A,eci,2020-06-27
1072,link-05-4turtles-link-mouse-create,Masaki Sawahata,,2020-07-06
1073,turtles_link_mouse_create,Maino Ariga,,2020-07-06
1074,pegaPorco_big,Ricardo Machado,FURG,2020-07-08
1075,FINAL with networks,Massab Qayum,Lahore University of Management Sciences,2020-07-09
1076,Globalisation after Corona Virus,Massab Qayum,Lahore University of Management Sciences,2020-07-09
1077,link-turtles-mouse-create,Matsuura Rinka,,2020-07-12
1078,link-05-4turtles-link-mouse-create,Chika Suwabe,,2020-07-13
1079,abm_school_choice,Diego Diaz,Universidad del Desarrollo,2020-07-15
1080,clod-model-6,"Cristina Ponsiglione, Simonetta Primario, Ivana Quinto, Giuseppe Zollo",University of Naples Federico II,2020-07-17
1081,Multitasking email V1.1,Xavier Bronlet,University of Applied Sciences and Arts of Southern Switzerland,2020-07-31
1082,UAV_Network_REU2020,Luis Espiritusanto,Embry Riddle University,2020-08-05
1083,BoxCountingDimension,Md. Rakibuz Zaman,Khulna university,2020-08-06
1084,Modeling Daycare HFMD Spread,"Victoria McGraw, Alexandra Eguiluz, and Bonnie Jacob",Rochester Institute of Technology,2020-08-10
1085,School Choice ABM,Diego A. Diaz,University of Chicago,2020-08-10
1086,MANET,Min Min,,2020-08-23
1087,ETIB_Model_Final_v2-1,dana testing,,2020-09-25
1088,meso_neo_v3,dana again,,2020-09-25
1089,ארנבים - דשא - גזר,May Salmon,,2020-10-13
1090,ארנבים - הפצת מחלה,May Salmon,,2020-10-13
1091,ארנבים - ילודה תמותה,May Salmon,,2020-10-13
1092,Disease Rabbits,bosmat bar,Haifa University,2020-10-13
1093,Rabbits-Evolution,bosmat bar,Haifa University,2020-10-13
1094,Rabbits-Grass-Carrots,bosmat bar,Haifa University,2020-10-13
1095,Rabbits-Disease,bosmat bar,Haifa University,2020-10-13
1096,Consumption pattern,Maryam Ojari,,2020-10-31
1097,W14.Maze,Rey Aldrin Gonzales,Code Breaker SI,2020-11-16
1098,Final Complete  (1),,,2020-11-24
1099,Covid Model (Claire Gilliam),Claire G,,2020-12-02
1100,RohitKumarDamodaran-PanicBuyingSimulation,Rohit Kumar Damodaran,Data ScienceTech Institute,2020-12-08
1101,DomesticViolence,Shiza Khalidi,Habib University,2020-12-22
1102,SUBMITTED THIS,Pracheeti Shikarkhane,North Carolina School of Science and Mathematics,2020-12-23
1103,doppler_effect_model,Pracheeti Shikarkhane,North Carolina School of Science and Mathematics,2020-12-23
1104,threepartsfire,Francisco Menino Destéfanis Vítola,UTFPR,2020-12-27
1105,GA_maze_solver v1.2,Christophoros Mouratidis,,2021-01-11
1106,GAMazeSolver,Christophoros Mouratidis,,2021-01-13
1107,Simple Birth Rates Fixation 2.0,,,2021-01-19
1108,autonomous_agents_class_model1,,,2021-01-22
1109,pow_day,Spencer Murphy,,2021-02-06
1110,Lines_ABM_DSTI_Fawaz_Qutami,Fawaz Qutami,,2021-02-08
1111,BasicTransformations,Christopher Yu,RICS,2021-02-21
1112,Equilíbrio Químico,Marcos Vinícius Taira,,2021-03-01
1113,BasicTransformationsV2,Christopher Yu,RICS,2021-03-06
1114,covid,Chirag Mittal,,2021-03-14
1115,Development of Religion,Tarik Ćosović,"Fakultet informacijskih tehnologija ""Džemal Bijedić""",2021-03-22
1116,Balassa-Samuelson V2 Beta,Adam Hardaker,Bard College Berlin,2021-03-27
1117,Schelling_Segregation_Model,Diego Ciccia,University of Catania,2021-04-01
1118,Program and code used for the paper,Ulf Holmberg,Umeå University ,2021-04-10
1119,Banking and the determinants of credit crunches,Ulf Holmberg,Umeå University ,2021-04-10
1120,Friendship model,Federico Bindi,Università Bocconi,2021-04-11
1121,Conway_Game_of_Life_Shapes,Diego Ciccia,University of Catania,2021-04-24
1122,model_april_2_berke,Berke Nuri &amp; Jonathan Huang,University of Richmond,2021-06-09
1123,physical_linkage_one_trait_locus,Tarryn Schuldiner-Harpaz,University of Cambridge,2021-06-10
1124,physical_linkage_two_trait_loci,Tarryn Schuldiner-Harpaz,University of Cambridge,2021-06-10
1125,GeneticoAll1,José Antonio Martín Melguizo,University of Granada (Spain),2021-06-14
1126,PSOBasico,José Antonio Martín Melguizo,University of Granada (Spain),2021-06-14
1127,Peppered Moths sexual,Randi Mewhort and Doug Mewhort,MacEwan University,2021-06-18
1128,RISK,,uBosque,2021-06-18
1129,Virus_propagation&amp;Mobility,Javier Sandoval,UrbanLab,2021-06-29
1130,Virus_propagacion_movilidad,Javier Sandoval,UrbanLab,2021-06-29
1131,wikipedia_editing,"Daria Mikhaylova, Paolo Milazzo",University of Pisa,2021-07-01
1132,MDVSoils_Proto.v.1,Andrew Thompson,Brigham Young University,2021-07-02
1133,Bulls and Bears,Franco Busetti,Crux Capital Managment,2021-07-05
1134,Evolving Allele Population,Riccardo Tarantino,Independent Researcher,2021-07-05
1135,MDVSoils_Prototype,Andrew Thompson,Brigham Young University,2021-07-09
1136,agario,Brianna Tieu,,2021-07-12
1137,Make a Square Practice,Julia Lee,Stuyvesant High School,2021-08-01
1138,fishtest,Philip Murphy,InfoHarvest Inc.,2021-08-13
1139,Ecological Competition Model,Will Hemsley,University of Surrey,2021-08-25
1140,vicuñas_k,Ulises Balza,Centro Austral de Investigaciones Científicas (CADIC-CONICET),2021-08-26
1141,DotLabv2,,,2021-09-03
1142,Hotelling estratégico_v03,David Acevedo Britez,Universidad de Cantabria,2021-09-07
1143,Learning Equity_Interaction of teacher-pupil-environment,Elizabeth Randolph,RTI International,2021-09-12
1144,Two step communication,Aditi Garg,,2021-09-17
1145,Epistemic logic,Jon Hall,The Open University,2021-09-24
1146,MBER NetLogo Limited Resources,,,2021-09-24
1147,Hardy-Weinberg Basic Model,Valentino Romano,"STEBICEF Department, University of Palermo, 90123 Palermo, Italy",2021-09-27
1148,MedSim_17070006030,Berkay ERGİN,None,2021-09-28
1149,Evolution_no_bad_plots,Jesper Lindmarker,"Institute for Analytical Sociology, LiU",2021-10-06
1150,Virus_Pandemie,,,2021-10-08
1151,qiaoxingtu,qing pegn,Beijing Normal University,2021-10-11
1152,WolfMoose_v6,Van Parunak,Parallax Advanced Research,2021-10-15
1153,MBER NetLogo Limited Resources,,,2021-10-27
1154,Chlorides,Manu K Poulose,Strufocon Engineers,2021-11-02
1155,groupFormation-ICA,František Kalvas,UWB in Pilsen,2021-11-05
1156,groupFormation-ICA,František Kalvas,UWB in Pilsen,2021-11-05
1157,Model v2.01b,Group 42,University of York,2021-11-12
1158,Viral Spread Model,Group 42,University of York,2021-11-18
1159,Viral Spread Model,Group 42,University of York,2021-11-18
1160,EvolveStatusPublic,"Sarah Shandera, Louis Leblond",The Pennsylvania State University,2021-11-19
1161,Spreading_Activation,Leo Niehorster-Cook,None,2021-12-29
1162,Minimum spanning tree(prim),Penghui Fan,TU Delft,2022-01-16
1163,TimeExample-DistributionCenter,Steve Railsback,Lang Railsback &amp; Assoc.,2022-01-24
1164,DiscreteEventVirus,Steve Railsback,Lang Railsback &amp; Assoc.,2022-01-24
1165,TimeExample-Whack-A-Mole,Steve Railsback,Lang Railsback &amp; Assoc.,2022-01-24
1166,TimeExample-Logotimes,Steve Railsback,Lang Railsback &amp; Assoc.,2022-01-25
1167,minifactory,Thibaut DEVERAUX,DSTI,2022-02-07
1168,minifactory,Thibaut DEVERAUX,DSTI,2022-02-07
1169,FishTankSim,Toni York,Montclair State University,2022-02-26
1170,FishTankSimulator,Toni York,Montclair State University,2022-02-26
1171,Pathfinder,Toni York,Montclair State University,2022-02-26
1172,PathfinderSoundless,Toni York,Montclair State University,2022-02-26
1173,Final-Project,Joshua Zettel,,2022-03-01
1174,base-model,"Ruth Efe, Reia Li and Omar Zintan Mwinila-Yuori",Pomona College,2022-03-01
1175,base-model,"Ruth Efe, Reia Li and Omar Zintan Mwinila-Yuori",Pomona College,2022-03-01
1176,base-model,"Ruth Efe, Reia Li and Omar Zintan Mwinila-Yuori",Pomona College,2022-03-01
1177,cmc-dining-base-model,"Ruth Efe, Reia Li and Omar Zintan Mwinila-Yuori",Pomona College,2022-03-01
1178,CoronaVirus,Ana García - Miguel Pérez,Universidad Distrital Francisco José de Caldas,2022-03-01
1179,Classic Traveling Salesman,,,2022-03-13
1180,Classic Traveling Salesman,,,2022-03-13
1181,Term Paper. Final,Andrey Lomatskiy,HSE Saint Petersburg,2022-03-16
1182,OAFisheryDynamics,John Janmaat,University of British Columbia,2022-03-16
1183,VMI_concept_BloodSupplyChain,Neele Grund,University of Münster,2022-03-17
1184,BEST CV SIM,wilso collier,blue ridge school,2022-03-18
1185,MDVSoils prototype,Andrew Thompson,Brigham Young University,2022-03-22
1186,Bob the Blob,Arnauld GATET,,2022-04-02
1187,Hardy-Weinberg Basic Model v. 2.0,"Riccardo Tarantino, Valentino Romano",University of Palermo,2022-04-10
1188,Dragons-Humans-Spam,Jacob Halvorson,UW-Stout,2022-04-21
1189,Modelling Potential Effects Of Climate Change On Marine Food Chain and Marine Mammals with NetLogo,Qi-fan,Vrije Universiteit Amsterdam,2022-04-28
1190,Marine - Basic,Qi-fan ,Vrije Universiteit Amsterdam,2022-05-02
1191,Marine - Climate Change,Qi-fan ,Vrije Universiteit Amsterdam,2022-05-02
1192,UB Schwarmverhalten,"Leroy Großmann, Nubia Vogt &amp; Britta Tietjen",Freie Universität Berlin,2022-05-09
1193,Collagen05_5.1,George Dombi,University of Rhode Island,2022-05-11
1194,Wealth_Happiness-Education Interrelation,"Pavithra Sripathanallur Murali, Jada Williams, Mansoor Bari",George Mason University,2022-05-12
1195,Rumor Spread,Serik Zulkaphil,,2022-05-16
1196,Trafalgar,Matt Offord,Adam Smith Business School,2022-05-18
1197,Ant Adaptation,Test Author,Test Organization,2022-05-20
1198,coronaP05.1-95,Joan Juhé i Mas,,2022-05-20
1199,Trafalgar_V_0.1,Matt Offord,Adam Smith Business School,2022-05-23
1200,Rumor Spread,Seric Zulkaphel,,2022-05-26
1201,tASEL,Isaac Ullah,San Diego State University,2022-06-01
1202,A model of social influence - Simone Alessia,Simone Alessia,University of Catania - Master Degree in Data Science,2022-06-13
1203,Slime-RL,Stefano Mariani,University of Modena and Reggio Emilia,2022-06-17
1204,fireworks,Dimitar Kazakov,,2022-06-18
1205,Human dispersion,Luis Belmonte Abellan,Luis Belmonte Abellan,2022-07-09
1206,COVID-19 Transmission Model,David Nzoputa Ofili,Digital Citizens,2022-07-13
1207,locusts_rain,Clemens Wager &amp; Jeremy Cook,Univesity of Vienna,2022-07-14
1208,tree-frog-mate-choice,Sunny Boyd,University of Notre Dame,2022-07-20
1209,COVID-19 Transmission and Prevention Model,David Nzoputa Ofili,Digital Citizens,2022-07-22
1210,physical_nature_of_matter_advanced temp stir surface area (1),Cedric Jacobson,,2022-07-28
1211,Magnetic monofield,lrcvs,lrcvs,2022-08-11
1212,standard deviation,"Gin, Lee",NTU,2022-09-10
1213,Rumor Spread,Serik Zulkaphil,,2022-09-10
1214,Practice,Maryam Naqvi,UWE,2022-09-15
1215,Practice,Maryam Naqvi,UWE,2022-09-15
1216,Hardy-Weinberg Basic Model V2.0,"Riccardo Tarantino, Valentino Romano",University of Palermo,2022-09-26
1217,Hypercycle,Maarten Boerlijst,Amsterdam University College,2022-09-27
1218,Hypercycle,Maarten Boerlijst,Amsterdam University College,2022-09-27
1219,Cyclic Competition,Maarten Boerlijst,Amsterdam University College,2022-09-27
1220,Hardy-Weinberg Network,"Riccardo Tarantino, Valentino Romano",University of Palermo,2022-09-30
1221,Axelrod-Basic,Daniel Weissglass,Duke Kunshan University,2022-11-01
