,modelName,contributor,organization,date,LAT,LONG
0,client interface example,Seth Tisue,CCL,2002-06-20,42.0565,-87.6753
1,AntsOpt,Erich Neuwirth,University of Vienna,2002-06-25,48.2132,16.3601
2,1D-CA-Rule90,Uri Wilensky,CCL,2002-07-03,42.0565,-87.6753
3,Diffusion Graphics,ERIC B,CCL,2002-07-03,42.0565,-87.6753
4,Cash Flow,Matthew W. Berland,CCL,2002-07-10,42.0565,-87.6753
5,sitsim,Nigel Gilbert,"University of Surrey, UK",2002-07-27,51.2431,-0.5895
6,parity,Nigel Gilbert,University of Surrey,2002-07-30,51.2431,-0.5895
7,Path finder,Robert  Goldstone,Indiana University,2002-12-29,39.1784,-86.5133
8,model1,Ashish Malhotra,ASU,2003-01-28,33.4242,-111.9281
9,Logistic,Carlos Pedro Gon�alves,Graduate Student at ISCTE,2003-02-14,38.7478,-9.1534
10,game theory,Rick O'Gorman,SUNY-Binghamton,2003-02-20,42.0894,-75.9695
11,OptimismAISB2,Dylan Evans,University of Bath,2003-04-14,51.3782,-2.3264
12,OilEdit,Suhaib,University of Alaska Anchorage,2003-04-21,61.191,-149.8196
13,entropy,Dylan Evans,University of Bath,2003-06-09,51.3782,-2.3264
14,sitsim,Nigel Gilbert,University of Surrey,2003-08-08,51.2431,-0.5895
15,The Dowry Puzzle,Felix Baerlocher,Mt. Allison University,2003-08-20,45.8983,-64.3731
16,sopgm,Kazmer Karadi,"Institute of Behavioral Sci.,Univ of P",2003-10-01,46.0743,18.2378
17,031015 clusterdetect ,Robert Jan Klomp,"University Twente, Oce",2003-10-15,52.239,6.852
18,Flocking color.final,Norman L Johnson,Los Alamos National Laboratory,2003-10-23,35.8441,-106.2872
19,new_wealth_distribution,"Michael Gizzi, Richard Vail, and Tom Lairson",Mesa State College and Rollins College,2003-10-26,39.0805,-108.5534
20,Predator-mediated coexistence,Felix Baerlocher,Mt. Allison University,2003-10-30,45.8983,-64.3731
21,connect4,Michael C Gizzi,Mesa State College,2003-11-18,39.0805,-108.5534
22,turtle-ecology,Turtle Ecology,Univ of Michigan Business School,2003-12-02,42.2778,-83.7554
23,recursive-trees,Scott Moore,Univ of Michigan Business School,2003-12-03,42.2778,-83.7554
24,StackMachine,Teresa Carrigan,Blackburn College,2004-04-15,39.2887,-89.8716
25,StackMachine,Teresa Carrigan,Blackburn College,2004-04-18,39.2887,-89.8716
26,StackMachine,Teresa Carrigan,Blackburn College,2004-04-26,39.2887,-89.8716
27,Innate Immune Respo#8209D,Gary An,"Department of Trauma, Cook County Hospital",2004-05-05,41.8781,-87.6298
28,psynthesis1,Amit Mehra,Northwestern University,2004-05-12,42.0565,-87.6753
29,DrugPropogation,Robert Rohrkemper and Josh Savory,Kalamazoo College,2004-06-01,42.29,-85.5981
30,function15,Carolyn Remmler,University of Texas,2004-08-16,30.2849,-97.7341
31,function-client15,Carolyn Remmler,University of Texas,2004-08-16,30.2849,-97.7341
32,calculator15,Carolyn Remmler,University of Texas,2004-08-16,30.2849,-97.7341
33,tictactoe,Bertram Zinner,Auburn University,2004-08-18,32.5934,-85.4952
34,accurate_clock,Erik Johnston,University of Michigan,2004-08-27,42.2778,-83.7554
35,HIVSIM,Wilfred Ndifon,Morgan State University,2004-08-30,39.3438,-76.5844
36,HIVSIM,Wilfred Ndifon,Morgan State University,2004-08-31,39.3438,-76.5844
37,Ant Lines,juergen heinze,biologie i univ. regensburg,2004-09-01,48.9968,-12.0958
38,Drugtalk,Michael Agar,Friends Social Research Center,2004-09-19,39.3035,-76.6197
39,organizer2,Kazmer Karadi,"Institute of Behavioral Sciences, Faculty of Medicine, Univ. of Pecs, Hungary",2004-12-22,46.0743,18.2378
40,LNmodel127-articleVersion,Rob Koper,Open University of the Netherlands,2005-02-03,50.8784,5.9583
41,sheep-populationA,Ed Hazzard,Concord Consortium,2005-02-07,42.4565,-71.3581
42,sheep-populationB,Ed Hazzard,Concord Consortium,2005-02-07,42.4565,-71.3581
43,sheep-populationC,Ed Hazzard,Concord Consortium,2005-02-07,42.4565,-71.3581
44,sheep-selection,Ed Hazzard,Concord Consortium,2005-02-07,42.4565,-71.3581
45,sheep-mutation,Ed Hazzard,Concord Consortium,2005-02-07,42.4565,-71.3581
46,sheep-fussyfemales,Ed Hazzard,Concord Consortium,2005-02-07,42.4565,-71.3581
47,Chemical Equilibrium elaborated,Russ Maurer,Hawken School,2005-03-23,41.5257,-81.3855
48,Shapefactory Model,"Erik Johnston, Ning Nan, and Nathan Bos",University of Michigan,2005-04-01,42.2778,-83.7554
49,lorenz3D,Massimo Salzano,University of Salerno - Italy,2005-05-14,40.7713,14.7907
50,frankmodel-2,Erjiang Fu,the University of Auckland,2005-05-27,-36.8523,174.7691
51,glycogen,Dr. P. L. Birch,University of Paisley,2005-05-31,55.7782,-4.1041
52,worms,Mathew Davies,Columbia University School of Engineering and Applied Sciences,2005-06-02,40.8095,-73.9601
53,feedback,Mathew Davies,Columbia University School of Engineering and Applied Sciences,2005-06-02,40.8095,-73.9601
54,burst,Dr.  P. L. Birch,University of Paisley,2005-06-20,55.7782,-4.1041
55,Artificial Financial Market II - Tail Risk,Carlos Pedro Gon�alves,ISCTE,2005-07-25,38.7478,-9.1534
56,Artificial Financial Market II - Tail Risk,Carlos Pedro Gon�alves,ISCTE,2005-07-26,38.7478,-9.1534
57,wirefame 3d,Corey,The Evegreen State College,2005-11-29,47.0731,-122.974
58,WaterfallFluids,Corey,The Evegreen State College,2005-11-29,47.0731,-122.974
59,LevelCrossing,Ales Janota,University of Zilina,2005-12-06,49.2033,18.7552
60,THEmazegame,Evan Schwartz and Tom Slater,Stuyvesant,2005-12-06,40.7178,-74.0138
61,THEmazegame,Evan Schwartz and Tom Slater,Stuyvesant,2005-12-06,40.7178,-74.0138
62,topology3D,Kazmer Karadi,"In. of Behav.Sci.,Univ of Pecs",2005-12-13,46.0743,18.2378
63,Asynchronous Backtracking with flags -graphcoloring (new interface)- comparatie,Ionel Muscalagiu,"The ""Politechnica"" University Timisoara",2006-01-17,45.7471,21.2316
64,sot-2006-01-30-1250,Sujai Kumar,CRCS,2006-01-30,42.377,-71.1167
65,Asynchronous Backtracking - binary random problems (CSP),Ionel Muscalagiu,"The ""Politechnica"" University Timisoara",2006-03-06,45.7471,21.2316
66,BirdAggression,Josh Rainwater,Ashland University,2006-04-30,40.8618,-82.3232
67,Reinforcement Learning Maze,Joe Roop,Aerospace Systems Design Laboratory (ASDL) of Georgia Institute of Technology,2006-05-08,33.7756,-84.3963
68,Reinforcement Learning Wargame,Joe Roop,Aerospace Systems Design Laboratory (ASDL) of Georgia Institute of Technology,2006-05-08,33.7756,-84.3963
69,DiffusionWithMembraneAsPatch1.0,"Gary An, MD","Department of Trauma, CCH",2006-06-07,41.8781,-87.6298
70,DiffusionWithMembraneAsTurtle1.0,"Gary An, MD","Department of Trauma, CCH",2006-06-08,41.8781,-87.6298
71,Shock2004 Gut Epithelial Barrier,"Gary An, MD","Department of Trauma, CCH",2006-06-12,41.8781,-87.6298
72,Fitness_Landsacape,David McAvity,The Evergreen State College,2006-06-23,47.0731,-122.974
73,GarbageCan,Guido Fioretti,University of Bologna,2006-08-03,44.4962,11.3542
74,Adopt&amp;LearnOnLine,Desi Suyamto,World Agroforestry Centre,2006-08-22,-6.5554,106.75
75,Quicksort,pratik,daiict,2006-09-18,23.1885,72.6289
76,SpatRain,Desi Suyamto,"World Agroforestry Centre, Southeast Asia Regional Office, Bogor, Indonesia",2006-10-06,-6.5554,106.75
77,Route Choice,Yandan Lu,University of Illinois at Chicago,2006-10-11,41.8686,-87.6484
78,Final Project,Matthew Colebeck,University at Buffalo,2006-11-29,43.0008,-78.789
79,energy-conservation,Sifat Momen,Cephalon International School,2006-12-12,23.7469,90.3754
80,MG cem changed,Cem Dilmegani,Bosphorus University Computer Engineering,2007-01-12,41.0836,29.0506
81,network_growth,Malik Kon�,Open Universitieit Nederlands,2007-01-17,50.8784,5.9583
82,Simulation of Inelastic Collision,Sifat Momen,Cephalon International School,2007-02-26,23.7469,90.3754
83,Bouncing_Ball,David McAvity,The Evergreen State College,2007-03-20,47.0731,-122.974
84,FractalMorph,David McAvity,The Evergreen State College,2007-03-20,47.0731,-122.974
85,LogoMoth2p1NL3p02(070409),N. S.  Thompson,Clark University and Redfish Group,2007-04-10,42.252,71.8245
86,AntSystem,Christopher Roach,"Computer Vision and Bio-inspired Computing Laboratory, Florida Institute of Technology",2007-04-13,28.0647,-80.623
87,SickTown,Gordon McDonald,Australian National University,2007-04-15,-35.2813,149.1183
88,Quantum Financial Market,Carlos Pedro Gon�alves,UNIDE - ISCTE,2007-04-23,38.7485,-9.1535
89,SickTown,Eric Betzold,CCL,2007-05-02,42.0565,-87.6753
90,Epidemic Typhoid Fever on Disaster Area,"Agung Budi Sutiono, MD","Social Intelligence and Informatics Department, University Electro-Communications, Tokyo Japan",2007-05-19,35.6577,139.5437
91,forestfire2,dongxiaofei,bjfu,2007-05-28,40.0045,116.35
92,Bug Hunt Evolution,Christopher J Whalen,University of Illinois,2007-06-01,40.102,-88.2272
93,Albedo,Brandon Gillette,Olathe District Schools,2007-06-01,38.9088,-94.8313
94,Climate_change,Ed Hazzard,Concord Consortium,2007-06-06,42.4565,-71.3581
95,negotiations,Zvi Vlodavsky. Doron Zarchy,"The Hebrew University of Jerusalem, Israel",2007-06-10,31.7946,35.2414
96,bifurcacion2,Abdiel E. Caceres-Gonzalez,Universidad Juarez Autonoma de Tabasco,2007-06-12,18.008,-92.9247
97,Gas Distillation,George W. Dombi,Karmanos Cancer Institute,2007-07-02,42.3314,83.0458
98,Toy_Infection_Model,Gary An,"Department of Surgery, Northwestern University",2007-07-05,42.0565,-87.6753
99,MASforSeg,KHOUADJIA Mustapha Redouane,"Computer Science Institute, Constatine University, Algeria.",2007-08-10,36.3409,6.6205
100,SolarSystem-timer,Ed Hazzard,Concord Consortium,2007-08-30,42.4565,-71.3581
101,Evolutionary Game Theory_Mayberry ESS,Jeff Russell,Ashland University,2007-09-05,40.8618,-82.3232
102,Evolutionary Game Theory_Big Bird Replicator Dynamic,Jeff Russell,Ashland University,2007-09-06,40.8618,-82.3232
103,light-absorption,Ed Hazzard,Concord Consortium,2007-09-19,42.4565,-71.3581
104,homework_1-highschool,Daniel Kuchta,ncsu,2007-09-27,35.7847,-78.6821
105,RANDOMLYWALKING,shashank singh,jaypee university of information technology,2007-12-20,31.0166,77.0702
106,NetlogoGreenHouse,Aaron Unger,Concord Consortium,2008-01-08,42.4565,-71.3581
107,SimHeart -- Full,Asymptote,UNCC,2008-01-09,35.3071,-80.7352
108,MARCH,Elio Marchione,"CLOE, Univerity of Naples",2008-01-23,40.8454,14.2578
109,miller,Elio Marchione,"CLOE, Univerity of Naples",2008-01-23,40.8454,14.2578
110,photon_transmissivity_2,Ted Wong,Ursinus College,2008-01-30,40.194,-75.4563
111,Zombie Infection 2,Asymptote,UNCC,2008-02-03,35.3071,-80.7352
112,PopGen Fishbowl 1,Thomas C. Jones,East Tennessee State University,2008-02-12,36.3024,-82.3699
113,Shopsim-sc,"Zhenjiang SHEN, Ping CHEN, Mitsuhiko KAWAKAMI","Urban planning Lab., Kanazawa University",2008-03-18,36.5459,136.7076
114,watercycle1,Ed Hazzard,Concord Consortium,2008-05-08,42.4565,-71.3581
115,Gottman 1,Victor Wooddell,"Oakland University, Michigan",2008-06-02,42.6679,-83.2082
116,cooler model,Annette Brickley,Challenger Learning Center of Maine,2008-06-27,44.8041,-68.8078
117,Global Carbon Cycle,Annette Brickley,Challenger Learning Center of Maine,2008-06-27,44.8041,-68.8078
118,MDR-model,Jason Bishai,Dulaney High School,2008-07-15,39.4607,-76.6127
119,Virtual Chemistry,Virtual Chemistry,UNCC,2008-07-24,35.3071,-80.7352
120,Population Dynamics_v4,Population Dynamics,"Biological Sciences, Western Michigan University",2008-08-07,42.2837,-85.6103
121,Community Structure v_4,Community Structure,Western Michigan University,2008-08-07,42.2837,-85.6103
122,Population Dynamics_v4,David W. Rudge and William Merrow,Western Michigan University,2008-08-08,42.2837,-85.6103
123,Community Structure v_4,David W. Rudge and William Merrow,Western Michigan University,2008-08-08,42.2837,-85.6103
124,watercycle,Edmund Hazzard,Concord Consortium,2008-09-08,42.4565,-71.3581
125,wire-resistance,Edmund Hazzard,Concord Consortium,2008-09-08,42.4565,-71.3581
126,leaf-macro,Edmund Hazzard,Concord Consortium,2008-09-08,42.4565,-71.3581
127,leaf-micro,Edmund Hazzard,Concord Consortium,2008-09-08,42.4565,-71.3581
128,Ants2,ellen evers,university utrecht,2008-09-25,52.0852,5.1757
129,domworld-demo,ellen evers,university utrecht,2008-09-25,52.0852,5.1757
130,Planetary WeatherSim MultipleContinent,Asymptote,UNCC,2008-10-13,35.3071,-80.7352
131,axelrodV2,MIchael Maes and Sergi Lozano,University of Groningen and ETH Zurich,2008-11-05,53.2193,6.563
132,M3202-410-DesiSuyamto,Desi Ariyadhi Suyamto,"UHoH, Stuttgart, Germany",2008-11-12,48.7119,9.2118
133,M3202-410-DesiSuyamto,Desi Ariyadhi Suyamto,"UHoH, Stuttgart, Germany",2008-11-12,48.7119,9.2118
134,M3202-410-DesiSuyamto,Desi Ariyadhi Suyamto,"EnviroFood MSc Programme, UHoH, Suttgart, Germany",2008-11-15,48.7758,9.1829
135,allostericenzymes,Nicolas Descostes,University of the West of Scotland,2008-11-26,55.7782,-4.1041
136,My own model - cooperative countries,Julia Verhoeven,Leiden University,2008-12-05,52.1571,4.4852
137,fight_3.1,Clay Gibson,Stuyvesant Highschool - CS1,2008-12-13,40.7178,-74.0138
138,Tumor - Nutrients,Asymptote,UNCC,2008-12-27,35.3071,-80.7352
139,Hardy Weinberg Classroom Model,Kenneth Letendre,"Departments of Biology and Computer Science, University of New Mexico",2009-01-02,19.3365,-99.1886
140,Greenhouse Effect,Lisa Schultz,"University of Maine, Orono",2009-01-11,44.9019,-68.6688
141,Sniffing space associations,Tim Ireland,"Bartlett school of graduate studies, University College London, UK.",2009-01-16,51.5246,-0.134
142,SearchResource,Romulus-Catalin Damaceanu,Petre Andrei University,2009-01-30,47.1602,27.6032
143,radattack,Evgeny Patarakin,Nizhny Novgorod Pedagogical University,2009-03-04,56.3247,44.029
144,consumerism project,"Benjamin Leventer, Brett Sandler, Alana O'Reilly,",Kalamazoo College,2009-03-11,42.29,-85.5981
145,modele4,aissa,constantine,2009-03-20,36.3409,6.6205
146,Fire Simulation,Qasim Siddique,FUIEMS,2009-05-10,33.5611,73.0715
147,customerBehavior,Yudi Limbar Yasik,Padjajaran University,2009-05-11,-6.9261,107.7747
148,treecircle,Ariel Berwaldt,CSU Stanislaus,2009-05-23,37.5224,-120.8581
149,Fire Ecology,Ryan Kelly,"Department of Plant Biology, University of Illinois",2009-06-01,40.102,-88.2272
150,GarbageCan_docker,Guido Fioretti,University of Bologna,2009-06-02,44.4962,11.3542
151,GarbageCan_buck,Guido Fioretti,University of Bologna,2009-06-02,44.4962,11.3542
152,Meetingscheduling,Qasim Siddique,FUIEMS,2009-06-03,33.5611,73.0715
153,SIMflucht_GIUB,"Aben, P., M�ller, J. M�ller, T. Wagner, A.","University of Bonn, Institut of Geography",2009-07-10,50.7266,7.0915
154,forestfire3,Qasim Siddique,FUIEMS,2009-07-17,33.5611,73.0715
155,Malaria Control,Erin Flanagan,Mary Munford Elementary School and Virginia Commonwealth University,2009-08-05,37.5527,-77.4527
156,MyFlocking,Nacho Valladares,Universitat de Girona,2009-09-09,41.9857,2.8272
157,linegame,Qasim Siddique,FUIEMS,2009-09-12,33.5611,73.0715
158,independence vs mimetism in collective decision making,C�dric Sueur,Princeton University,2009-09-15,40.3431,-74.6551
159,search,M Yasser Chuttur,Indiana University,2009-09-24,39.1784,-86.5133
160,search,M Yasser Chuttur,Indiana University,2009-09-24,39.1784,-86.5133
161,Flocking 2 types informed non informed,C�dric Sueur,"Department of Ecology and Evolutionary Biology, Princeton University",2009-10-06,40.3431,-74.6551
162,barber,Katerina Seifarthova,University of Hradec Kralove,2009-10-18,50.2089,15.8305
163,smoker,Katerina Seifarthova,University of Hradec Kralove,2009-10-18,50.2089,15.8305
164,reader-no_preference,Katerina Seifarthova,University of Hradec Kralove,2009-10-18,50.2089,15.8305
165,reader-reader_preference,Katerina Seifarthova,University of Hradec Kralove,2009-10-18,50.2089,15.8305
166,reader-writer_preference,Katerina Seifarthova,University of Hradec Kralove,2009-10-18,50.2089,15.8305
167,Sugarscape,Iain Weavert,University of Leicester,2009-10-28,52.6211,-1.1246
168,genetics_applet,Stephen Ratchford,University of the Virgin Islands,2009-11-20,18.3432,-64.9729
169,wireless-mobile-Scalefree,Tei Shim,"Yonsei Univ., Korea Rep.",2009-12-04,37.5658,126.9386
170,Growing peppers greenhouse,J.P.M. van Ruijven,TU Delft,2009-12-13,52.0022,4.3736
171,Cornea patch formation,Jerry Rhee,CMRC- Northwestern,2009-12-23,42.0565,-87.6753
172,Cornea patch formation,Jerry Rhee,CMRC- Northwestern,2009-12-23,42.0565,-87.6753
173,Marlantes_Lake_Victoria_Fishermen,Alexander Marlantes,UCLA,2010-01-12,34.0689,-118.4452
174,CoreyModelMarket,Corey Nyako,Florida State University (student),2010-01-13,30.4419,-84.2985
175,Evolution,Iain Weaver,University of Leicester,2010-01-16,52.6211,-1.1246
176,Freeway Traffic CA,Iain Weaver,University of Leicester,2010-01-28,52.6211,-1.1246
177,cooler model,Annette Brickley,Challenger Learning Center of Maine,2010-01-29,44.8041,-68.8078
178,Global Carbon Cycle,Annette Brickley,Challenger Learning Center of Maine,2010-01-29,44.8041,-68.8078
179,Lake Victoria Complex System Study,Alexander Marlantes,UCLA,2010-01-30,34.0689,-118.4452
180,Angels and Mortals,Iain Weaver,University of Leicester,2010-02-01,52.6211,-1.1246
181,THC_final,"Lisa Boehm, Petra Hutner",University Augsburg,2010-02-09,48.3321,10.8957
182,Evacuation of a lecture hall,"Alex Bromberger, Tobias Gla�",University of Augsburg,2010-02-09,48.3321,10.8957
183,Dissemination of Culture CA,Iain Weaver,University of Leicester,2010-02-09,52.6211,-1.1246
184,Self-organized Criticality and Dominoes,Iain Weaver,University of Leicester,2010-02-10,52.6211,-1.1246
185,EditorDeRedes_0.2,Francesc J. MIGUEL QUESADA,Dept. Sociologia (UAB),2010-02-10,33.502,-86.8057
186,WSN,Qasim Siddique,FUIEMS,2010-02-22,33.5611,73.0715
187,VacancyChains,Guido Fioretti,University of Bologna,2010-02-25,44.4962,11.3542
188,lang-evolution,Chuck Cranston,Portland State University,2010-02-25,45.5111,-122.6833
189,lang-evolution-2,Chuck Cranston,Portland State University,2010-02-25,45.5111,-122.6833
190,Santa Fe Ant Trail,Loukas Georgiou,Bangor University,2010-02-27,53.2295,-4.13
191,creditcrunch,Peter Thompson,Durham University,2010-03-21,54.765,-1.5782
192,Trade,Romulus-Catalin Damaceanu,Petre Andrei University of Iasi,2010-03-23,47.1602,27.6032
193,Quantum Life I - Birth and Death,Carlos Pedro Gon�alves,UNIDE - ISCTE - Lisbon University Institute,2010-04-02,38.7485,-9.1535
194,Zimmerman Arms Trade Prototype v5,Cody Zimmerman,Old Dominion University,2010-04-07,36.8853,-76.3059
195,cultura,Simone Gabbriellini,"Department of Political and Social Sciences, University of Pisa",2010-04-21,43.7167,10.3989
196,cooperazione,Simone Gabbriellini,"Department of Political and Social Sciences, University of Pisa",2010-04-21,43.7167,10.3989
197,differenziazione,Simone Gabbriellini,"Department of Political and Social Sciences, University of Pisa",2010-04-21,43.7167,10.3989
198,fiducia,Simone Gabbriellini,"Department of Political and Social Sciences, University of Pisa",2010-04-21,43.7167,10.3989
199,innovazione,Simone Gabbriellini,"Department of Political and Social Sciences, University of Pisa",2010-04-21,43.7167,10.3989
200,Helper,aminul haque,monash university,2010-05-20,-37.9142,145.1347
201,Automated weather warning system for Airports (AWWSA),Qasim Siddique &amp; Muhammad Hanzala Ali Abbass,FUIEMS,2010-06-01,33.5611,73.0715
202,Automated weather warning system for Airports (AWWSA),Qasim Siddique &amp; Muhammad Hanzala Ali Abbass,FUIEMS,2010-06-10,33.5611,73.0715
203,TowerofHanoi,Shayryl Mae Ramos,Sunchon National University,2010-06-29,34.9688,127.4802
204,CompExclusion,Andrew Yoak,The Ohio State University,2010-07-13,40.0067,-83.0305
205,diffusion,Gabriel Rossman,UCLA,2010-07-23,34.0689,-118.4452
206,HabitatFragmentation,George Kampis and Istvan Karsai,Collegium Budapest and ETSU,2010-08-03,47.5011,19.0333
207,diffusion,Gabriel Rossman,UCLA,2010-08-24,34.0689,-118.4452
208,Silence spiral,Wang Chengjun,city university of HONGKONG,2010-08-24,22.3367,114.1724
209,Silence spiral,WANG Chengjun,City University of Hong Kong,2010-09-11,22.3367,114.1724
210,CASM_Robot,Jaqueson Kingeski Galimberti,Federal University of Santa Catarina,2010-09-12,-27.6,-48.5194
211,Terrorism_vs_Altruism,Thomas Hills,University of Basel,2010-10-03,47.5603,7.5826
212,cyclic_cellular_automata,Juan Ignacio Perotti,"FaMAF, UNC, Cordoba, Argentina",2010-11-01,-31.4384,-64.1926
213,ecosimple,Ryan Kelly,University of Illinois,2010-11-01,40.102,-88.2272
214,Ants_AndrewE_add food3,Andrew Erickson,CU Boulder,2010-11-07,40.0076,-105.2659
215,fission,Sueur Cédric,Kyoto University,2010-11-10,35.0262,135.7808
216,leading according to needs,Sueur Cédric,Kyoto University,2010-11-10,35.0262,135.7808
217,Bandwagon 2D,Davide Secchi,University of Wisconsin,2010-11-13,43.0766,-89.4125
218,Bandwagon 2D,Davide Secchi,University of Wisconsin,2010-11-14,43.0766,-89.4125
219,David Miller - Resteraunt Model,David Miller,University of Nottingham,2010-11-28,52.9388,-1.1981
220,AntTaskAlloc,Arvind Diggikar,University of Sheffield,2010-11-30,53.3814,-1.4884
221,Artillery,Eric Muhs,Ballard High School,2010-12-01,38.2834,-85.6253
222,Artillery.nlogo,Eric Muhs,Ballard High School,2010-12-02,38.2834,-85.6253
223,HnH,Max OrHai,Portland State University,2010-12-02,45.5111,-122.6833
224,Pond - I,Julia Svoboda,Georgia Institute of Technology,2010-12-03,33.7756,-84.3963
225,Pond - II,Julia Svoboda,Georgia Institute of Technology,2010-12-03,33.7756,-84.3963
226,Nitrification,Julia Svoboda,Georgia Institute of Technology,2010-12-03,33.7756,-84.3963
227,Ants_AndrewE_add ants5,Andrew Erickson,University of Colorado at Boulder,2010-12-05,40.0076,-105.2659
228,Zombies 4.9,Lacy Smith and Chris Boler,Mississippi State University,2010-12-05,33.4552,-88.7944
229,SegregationExpanded,David Pugh,University of Edinburgh,2010-12-09,55.9445,-3.1892
230,Wave Interaction with Chladni Patterns,Roy Sando,Kansas State University,2010-12-13,39.1974,-96.5847
231,EXPLORE VS EXPOLTE,Irshad Faisal,PAC Kamra,2010-12-14,33.8629,72.4263
232,EXPLORE VS EXPOLTE,Irshad Faisal,PAC Kamra,2010-12-21,33.8629,72.4263
233,Jill's Ants,Jill Anderson,Lehigh University,2011-02-12,40.6049,-75.3775
234,gttrolley,"Nathan Adams, Erik Akrop, Ben Benoy, Rob Myers",Georgia Tech PMASE,2011-02-26,33.7756,-84.3963
235,evolution_of_aggression,Francisco J. Romero-Campero,University of Seville,2011-02-28,37.3808,-5.9912
236,Estimate the Value of Social-Capital,SunYoungKim,KNU in South Korea,2011-03-02,37.8754,127.745
237,sheepcompete,Christen Drescher,Rutgers,2011-04-06,40.5008,-74.4474
238,WealthDistribRes,Romulus-Catalin Damaceanu,"""Petre Andrei"" University",2011-04-11,47.1602,27.6032
239,BIGmodel,Tomas Rosival,Technical University Kosice,2011-04-17,48.7305,21.2453
240,Model 31-03-2011,Gary O'Brien,"University of Hertfordshire, UK",2011-05-15,51.7615,-0.2483
241,3Economies,Romulus-Catalin Damaceanu,Petre Andrei University of Iasi,2011-05-31,47.1602,27.6032
242,Agent-based N-person prisoner's dilemma,Michal Czaplinski,UC Santa Barbara,2011-06-08,34.414,-119.8489
243,moranforagers,Travis Monk,University of Otago,2011-07-31,-45.8647,170.5144
244,moranforagers,Travis Monk,University of Otago,2011-08-05,-45.8647,170.5144
245,Feldman NetLogo Interface Algorithmic Finance,Todd Feldman,San Francisco State University,2011-08-17,37.7241,-122.4799
246,finalfin,Parinya Jomapng,Chiang Mai University,2011-08-22,18.8047,98.955
247,Solar Field Mapping 1.03,Kenneth Schatten,ai-solution,2011-09-12,38.9685,-76.862
248,Solar Field Mapping 1.03,Kenneth Schatten,ai-solution,2011-09-13,38.9685,-76.862
249,Solar Field Mapping 1p03 ,Kenneth Schatten,ai-solution,2011-09-13,38.9685,-76.862
250,trabajo final,"Jose Antonio Rivera Dolores, Isaid Reyes Martínez",CINVESTAV,2011-09-25,19.5098,-99.1295
251,FriendshipGameRev1.0.16,David S. Dixon,University of New Mexico,2011-10-07,35.0843,-106.6198
252,FriendshipGameRev1.0.18,David S Dixon,University of New Mexico,2011-10-10,35.0843,-106.6198
253,FriendshipGameRev_1_0_18,David S Dixon,University of New Mexico,2011-10-10,35.0843,-106.6198
254,The knowledge game,claudio augusto borges pavani,INPE,2011-10-13,-23.5558,-46.6396
255,Prisoner's dilemma by claudio,claudio augusto borges pavani,INPE,2011-10-13,-23.5558,-46.6396
256,Gravity (Final) - Ivaylo M,Ivaylo Madzharov,Stuyvesant High School,2011-10-18,40.7178,-74.0138
257,NatSelv5,Claire Bickel,Vanderbilt University,2011-11-25,36.1447,-86.8027
258,Adaptations 14,Claire Bickel,Vanderbilt University,2011-11-25,36.1447,-86.8027
259,Center of Mass v3,Bryan Kent Wallace,Fisk/Vanderbilt,2011-11-29,36.1447,-86.8027
260,Center of Mass v3,Kent Wallace ,Fisk/Vanderbilt,2011-11-29,36.1447,-86.8027
261,SolarSystemEnd,Toby Skinner,Portland State University,2011-12-15,45.5111,-122.6833
262,Flocking1Advers,Janusz Strzepek,University of Colorado,2011-12-15,40.0076,-105.2659
263,Butterfly60x60Final,"Dove, Hundertmark, Italia, Kakar, Rahman, Stamboliyski, Summers, Uddin",Adelphi University Complexity Seminar,2011-12-19,40.7268,-73.6343
264,Groupintegration_nobreededlinks,Martin C. Baker,WSU,2012-01-15,46.7319,-117.1542
265,Bird's Eye,Shayryl Mae Ramos,"Media Labs, Sunchon National University",2012-01-25,34.9688,127.4802
266,moranforagers,Travis Monk,University of Otago,2012-02-07,-45.8647,170.5144
267,Hemangioblast Determination,Jerry Rhee,CMRC/Northwestern,2012-02-26,42.0565,-87.6753
268,TraitScape,Heather Bird Jackson,Carleton University,2012-02-27,45.3876,75.696
269,Improved Clonal Selection Algorithm for Solving Travelling Salesman Problem (v.4.1.3),"Adil Baykasoglu, Alper Saltabas, A. Serdar Tasan, Kemal Subulan",Dokuz Eylul University,2012-03-04,38.4307,27.1369
270,Diffusion3,Mallory Owen,Harvard University,2012-03-09,42.377,-71.1167
271,PARASITERMINATOR_1,Angel Criado,"University of Alcala, (Madrid) - SPAIN",2012-03-27,40.4825,-3.3629
272,PARASITERMINATOR_2,Angel Criado,"Universidad de Alcala (Madrid), SPAIN",2012-03-27,40.4796,-3.3716
273,hydrogeol,Fleurant,AgroCampus Ouest,2012-03-30,48.513599,-2.7653
274,bc,Jan Lorenz,"Center for Social Science Methodology, Carl von Ossietzky University of Oldenburg",2012-03-30,53.1467,8.1831
275,land-random,Erel Segal Halevi,Bar Ilan University,2012-04-08,32.0692,34.8431
276,land-income,Erel Segal Halevi,Bar Ilan University,2012-04-11,32.0692,34.8431
277,land-income,Erel Segal Halevi,Bar Ilan University,2012-04-11,32.0692,34.8431
278,at,Taha Ahsin,Haverford College,2012-04-11,40.0074,-75.3051
279,Kiri test 2,Kiri,University of western sydney,2012-05-01,-33.7661,150.7293
280,Symptom Spread Model,"Van Borkulo, C.D., Borsboom, D., Nivard, M.G. and Cramer, A. O. J. ","University of Amsterdam, the Netherlands",2012-05-23,52.3558,4.9557
281,UNMdensity-fidelity 2.1.1,Daniel Washington,University of New Mexico CS department,2012-06-01,35.0843,-106.6198
282,left-right-game,Ann,CCL,2012-06-19,42.0565,-87.6753
283,FastMIS_from_1986,Antonio Lo Russo and Carmelo Scarso,"student at ""La Sapienza"" University of Rome",2012-06-29,41.9038,12.5144
284,BEFERGYONET MODEL,"Inocencio Rodriguez, Gerard D’Souza, Edward Rayburn and Tom Griggs",West Virginia University-Resource Management Division/Extension Service,2012-07-18,39.648,-79.9697
285,HOTnet,Marcello Tomasini,University of Modena and Reggio Emilia,2012-09-16,44.6451,10.9281
286,Frogger Simple Reflect Agent,Mochamad Agung Tarecha,UIN Maulana Malik Ibrahim Malang,2012-10-10,-7.9518,112.6075
287,Evil Bunny Bully Model,Sean Kelly,Boise State University,2012-10-23,43.6029,-116.1999
288,Fashion-Models,Lau Wee Kiat,Nanyang Technological University,2012-11-12,1.3483,103.6831
289,Smoking motivation peer pressure,M.A. Helmich,Nanyang Technological University / University College Utrecht,2012-11-13,1.3483,103.6831
290,Final-Tan Yongzhi,Tan Yongzhi,Nanyang Technological University,2012-11-14,1.3483,103.6831
291,PD N-Person with Strategies,Tan Yongzhi,Nanyang Technological University,2012-11-14,1.3483,103.6831
292,FinalProject_TanXinYi,Tan Xin Yi,"Nanyang Technological University, Singapore (HP4211)",2012-11-15,1.3483,103.6831
293,Talk of Network,Cindy,Nanyang Technological University,2012-11-15,1.3483,103.6831
294,Positive &amp; Negative Talk of Network,Cindy,Nanyang Technological University,2012-11-15,1.3483,103.6831
295,"Immigrant, Leadership and Soical change",Han shuyu,Nanyang Technological University,2012-11-16,1.3483,103.6831
296,The Influence of Obesity in a Social Network,Elaine Kho,"Nanyang Technological University, Singapore",2012-11-16,1.3483,103.6831
297,advanced enzyme kinetics,Georg F. Weber,University of Cincinnati,2012-11-16,39.1329,-84.515
298,finalproject,YANG SHANSHAN,Nanyang Technological University,2012-11-17,1.3483,103.6831
299,finalproject,Yang Shanshan,Nanyang Technological University Singapore,2012-11-17,1.3483,103.6831
300,finalproject,YANG Shanshan,Nanyang Technological University Singapore,2012-11-18,1.3483,103.6831
301,20121201 Final Project,Marc Mondhaschen,Portland State University,2012-12-01,45.5111,-122.6833
302,Dados,Francisco Restivo,Portuguese Catholic University,2012-12-18,38.7493,-9.166
303,OSOSS1rc2,David Wiley,Brigham Young Univeristy,2012-12-24,40.2518,-111.6493
304,noughts and crosses 6,Charles Wainman,Bangor University,2012-12-28,53.2295,-4.13
305,noughts and crosses 6,Charles Wainman,Bangor University,2012-12-28,53.2295,-4.13
306,Lattice-Walking Turtles_15,waleed M. Al-Adrousy,"mansoura university, computers and information sciences faculty",2013-01-11,31.0449,31.3537
307,twitter,B.P. Kusumo Bintoro,Bakrie University - Faculty of Economics &amp; Social Science - Dept.Management,2013-01-20,41.7886,-87.5987
308,twitter,B.P. Kusumo Bintoro,Bakrie University - Faculty of Economics &amp; Social Science - Dept.Management,2013-01-25,41.7886,-87.5987
309,Solar Field Mapping 1p07,Kenneth Schatten,ai-solutions,2013-01-26,38.9685,-76.862
310,Combustion of Methane,Stephen Fether,Dayton Regional STEM School,2013-02-04,39.4337,-84.0713
311,agriculture003.5,Andrew Reckers,Athenian High School,2013-02-21,37.8348,-121.9501
312,Axelrod_Cultural_Dissemination,Arezky H. Rodríguez,Autonomous University of Mexico City (UACM),2013-03-14,19.3365,-99.1886
313,Growth_Used_in_Chapter_and_Distributed,Randall Boone,Colorado State University,2013-03-30,40.5734,105.0865
314,Smog,Madison Fitzpatrick,Northwestern University,2013-04-01,42.0565,-87.6753
315,Track_and_Field,Thomas Yeh,University of Michigan,2013-04-23,42.2778,-83.7554
316,Educational Model of Speciation,Carter Merenstein,Middlebury College,2013-05-12,44.0081,-73.176
317,LLNL upload051613,Michelle Saksena,Ohio State University,2013-05-16,40.0067,-83.0305
318,RenKraut-SimulateOnlineCommunity,Yuqing Ren &amp; Robert Kraut,University of Minnesota,2013-05-17,44.974,-93.2277
319,MEGanE SysDyn Netlogo,Francisco Dieguez,Instituto Plan Agropecuario,2013-05-23,-34.8709,-56.1863
320,aacondro_football_v1,Aryo Adhi Condo,"Applied Meteorology, IPB, Bogor",2013-06-27,-6.5627,106.7283
321,aacondro_football_v1,Aryo Adhi Condro,"Applied Meteorology, Mathemaics &amp; Natural Sciences, Bogor Agricultural University, Indonesia",2013-06-27,-6.595038,106.816635
322,aacondro_football_v1,Aryo Adhi Condro,"Applied Meteorology, Mathemaics &amp; Natural Sciences, Bogor Agricultural University, Indonesia",2013-06-27,-6.595038,106.816635
323,Symptom_Spread_Model,Claudia van Borkulo,University of Amsterdam,2013-07-11,52.3558,4.9557
324,Fracking.v13a,Horwitz,The Concord Consortium,2013-07-22,42.4593,-71.3546
325,Location Game,Jeff Russell,Ashland University,2013-08-13,40.8618,-82.3232
326,War Guard Queen 2,Andrew McDermott,University of Illinois Urbana/Champaign,2013-08-16,40.102,-88.2272
327,model,Rogier De Langhe,Tilburg University,2013-08-31,51.5639,5.0434
328,Lattice-Walking Turtles_OwnAlgorithm_25_startCustome_printingColors,waleed m. aladrousy,mans FCI,2013-09-01,31.0449,31.3537
329,Social influence in networks,Michael Maes,ETH Zurich,2013-09-05,47.3764,8.5476
330,Astardemo,Meghendra Singh,"Tata Research Development and Design Center, Pune, India",2013-09-10,18.3042,73.5459
331,Kuhnian Paradigm Shift 2,Jason Rines,UNC Charlotte,2013-09-18,35.3071,-80.7352
332,Astardemo,Meghendra Singh,"Tata Research Development and Design Center, Pune, India",2013-09-19,18.3042,73.5459
333,Lattice-Walking Turtles_OwnAlgorithm_25_startCustome_printingColors,waleed m. aladrousy,mansoura fci,2013-09-19,31.0449,31.3537
334,Bayes1D,Travis Monk,University of Otago,2013-10-30,-45.8647,170.5144
335,Spatial,Travis Monk,University of Otago,2013-10-30,-45.8647,170.5144
336,Drift,Travis Monk,University of Otago,2013-10-30,-45.8647,170.5144
337,Bayes1D,Travis Monk,University of Otago,2013-10-30,-45.8647,170.5144
338,Drift,Travis Monk,University of Otago,2013-10-30,-45.8647,170.5144
339,ecologicalconstraints,Travis Monk,University of Otago,2013-10-30,-45.8647,170.5144
340,Solar System Formation,Joel Schwartz,Northwestern University (Dept. of Physics &amp; Astronomy),2013-11-11,42.0565,-87.6753
341,ActualSurveyRev12,David S. Dixon,University of New Mexico,2013-11-16,35.0843,-106.6198
342,Vulnerability_To_Depression,Claudia van Borkulo,University of Amsterdam,2013-12-18,52.3558,4.9557
343,NatSelGame,Michael Zito,Yorktown High School,2013-12-24,38.9029,-77.1405
344,Vulnerability_To_Depression,Claudia van Borkulo,University Medical Center Groningen/University of Amsterdam,2013-12-30,52.3558,4.9557
345,NatSelGame,Michael Zito,Yorktown High School,2014-01-03,38.9029,-77.1405
346,sync,Yuanzhao Zhang,Zhejiang Univ,2014-01-03,30.3087,120.0865
347,knowledge homophily and expertise seeking beta2,Maurice Champagne,George Mason University,2014-01-09,38.8315,-77.3117
348,Opinion Diffusion in Congressional Committees,Maurice Champagne,George Mason University,2014-01-12,38.8315,-77.3117
349,VirtualCryptModel020413,R. Bravo and D.E. Axelrod,Rutgers University,2014-01-15,40.5008,-74.4474
350,VirtualCryptModel020413G,Rafael Bravo and David E. Axelrod,Rutgers University,2014-01-16,40.5008,-74.4474
351,Astardemo,Meghendra Singh,"Tata Research Development and Design Center, Pune",2014-01-30,18.3042,73.5459
352,Nanjing_CI_SIM_27_Nov_2013,Helin Liu; Elisabete A. Silva,"LISA Lab Cambridge University, UK",2014-02-17,52.2054,0.1132
353,adverselockinmodel2,Rishabh Kumar ,New School for Social Research,2014-03-03,40.7355,-73.9971
354,Technology diffusion ABM,Peter Bodo,Southern Connecticut State University,2014-03-10,41.3318,-72.9483
355,epiDEM plus baboon,C.Raby,University of Liverpool,2014-04-01,53.4048,-2.9653
356,HabitatSim Teaching,"Lucas Kushner, Binney Girdler",Kalamazoo College,2014-05-13,42.29,-85.5981
357,tragedy of commons(ver.4.2),Young Joon Oh,University of Texas at Dallas,2014-06-11,32.9857,-96.7502
358,Day and Night,Abhishek Bhatia,"USICT,GGSIPU",2014-06-26,28.5951,77.0222
359,BRADFORD Sakodas Model of Social Interaction 6-25-14,John Hamilton Bradford,Mississippi Valley State University,2014-06-26,33.5127,-90.3417
360,BRADFORD Expectations Luhmann 6-26-14,John Hamilton Bradford,Mississippi Valley State University,2014-06-26,33.5127,-90.3417
361,BRADFORD MINDING NORMS Hunting for Norms 7-1-14,John Hamilton Bradford,Mississippi Valley State University,2014-07-01,33.5127,-90.3417
362,BRADFORD WFF N Proof Quiz 7-4-14,John Hamilton Bradford,Mississippi Valley State University,2014-07-03,33.5127,-90.3417
363,testupload,Frank Duncan,CCL,2014-07-18,42.0565,-87.6753
364,GameTheory,Rick O'Gorman,"Dept of Psychology, University of Essex",2014-07-22,51.8777,0.9472
365,Population regulation via feedback,"Klash, Phil and Karsai, Istvan",EAST TENNESSEE STATE UNIVERSITY,2014-08-06,36.3024,-82.3699
366,BRADFORD LEVIATHAN MODEL SHORT 7-4-14,John Bradford,MVSU,2014-08-08,33.5127,-90.3417
367,Curb Parking Simulation Model,Yanan Xin,UPenn,2014-08-26,39.9522,-75.1932
368,zombies,Neil Smith,The Open Univeristy,2014-09-22,52.0249,-0.7082
369,Montecarlo circle,Antonio Hoyos,Universidad de Antioquia,2014-10-03,6.2677,-75.5688
370,Transaction Costs in Financial Market,Marek Spisak &amp; Roman Sperka,"Silesian University in Opava, School of Business Administration in Karvina",2014-10-05,50.291,18.6746
371,zombie-city,Mingsheng Tang,"College of Computer, National University of Defense Technology",2014-10-22,28.2278,112.9389
372,AVI,Mingsheng Tang,"College of Computer, National University of Defense Technology",2014-10-27,28.2278,112.9389
373,Net_TDMA -,Kumud Wasti,University of Oulu,2014-10-27,65.0593,25.4663
374,Priority_slots_wireless_dynamic,Kumud Wasti,University of Oulu,2014-10-27,65.0593,25.4663
375,Radio_wireless,Kumud Wasti,University of Oulu,2014-10-27,65.0593,25.4663
376,AVI+,Mingsheng TANG,"College of computer, National University of Defense Technology",2014-11-03,28.2278,112.9389
377,util15,Syarif Hidayat,University Al Azhar Indonesia,2014-12-11,-6.2348,106.799
378,sync_dyn,Yuanzhao Zhang,NU,2015-01-28,42.0565,-87.6753
379,Flocking-softcontrol,Jing Han,"Academy of Mathematics and Systems Science, Chinese Academy Science, China",2015-02-23,39.9106,-116.3356
380,"Predator, Prey, Poison",Stephen H. Jenkins,"University of Nevada, Reno",2015-03-16,39.5437,-119.8142
381,v2 - George-Alexandru Serea _en,George Alexandru Serea,Politehnic University of Bucharest,2015-03-23,44.4386,26.0495
382,AVI,Mingsheng Tang,"College of Computer, National University of Defense Technology",2015-04-10,28.2278,112.9389
383,Boomshakalaka_shelton-atagi-keene-ross,"Delia S. Shelton, Eriko Atagi, Justin R. Keene, Travis Ross",Indiana University,2015-04-20,39.1784,-86.5133
384,housing-norm-adherence-dynamics,Martin Hájek,"Faculty of Social Sciences, Charles University in Prague",2015-05-01,50.0871,14.4235
385,Day&amp;Night,David Weintrop,Northwestern University,2015-05-13,42.0565,-87.6753
386,AIDS,bendaoud,universite bordeaux,2015-05-19,44.8245,-0.6059
387,Turnout - Network,Daniel Diermeier,"University of Chicago, Harris",2015-06-01,41.7886,-87.5987
388,Social Consensus - Network,Daniel Diermeier,"University of Chicago, Harris",2015-06-01,41.7886,-87.5987
389,Potts - Network,Daniel Diermeier,"University of Chicago, Harris",2015-06-01,41.7886,-87.5987
390,Ising - Network,Daniel Diermeier,"University of Chicago, Harris",2015-06-01,41.7886,-87.5987
391,Heterogeneous Voter - Network,Daniel Diermeier,"University of Chicago, Harris",2015-06-01,41.7886,-87.5987
392,Confident Voter - Network,Daniel Diermeier,"University of Chicago, Harris",2015-06-01,41.7886,-87.5987
393,Axelrod - Network,Daniel Diermeier,"University of Chicago, Harris",2015-06-01,41.7886,-87.5987
394,airportdef,Javier Carbo,Univ. Carlos III of Madrid,2015-06-04,40.18,-3.430012
395,CamEncounter_v9.1_20151112,Kevin Blecha,Colorado State University,2015-06-06,40.5734,105.0865
396,HUMANÍA (3),Nadya González-Romero,Pontificia Universidad Javeriana,2015-07-01,4.6285,-74.0647
397,cellular automata music generator,Xue Chao,CUHK,2015-07-15,22.4196,114.2068
398,Utility Load Model 2015,Ulisses Lacerda de Morais,Faculty of Economics of the University of Coimbra,2015-07-23,40.2089,-8.4242
399,Utility Load Model 2015,Ulisses Lacerda de Morais,Faculty of Economics of the University of Coimbra,2015-07-23,40.2089,-8.4242
400,Utility Load Model 2015,Ulisses Lacerda de Morais,University of Coimbra,2015-07-28,40.2089,-8.4242
401,Ants2015,Enée Gilles,I3S laboratory and Nice Sophia Antipolis University,2015-08-21,43.6955,7.2448
402,SNN_ARTIFICIAL_INSECT_MODEL_NETLOGO,Cristian Jimenez Romero,The Open University UK,2015-09-18,52.0249,-0.7082
403,PJ_petri_DiningPhilosophersR04,jose costas gual,ESCE-IPVC,2015-10-04,42.0269,-8.6421
404,HB-SOTL.8.10,Pedro S. Rodríguez-Hernández &amp; Juan C Burguillo-Rila,University of Vigo (Spain),2015-10-15,42.1696,-8.6834
405,Visual Dynamics_v.0.91,Seung Jae Lee,Mokwon Univ.,2015-11-12,36.3261,127.3388
406,axelrod norms game,Paul Matthews,University of the West of England,2015-12-08,51.5006,-2.5474
407,Visual Dynamics_v.0.91,Sarah,ccl,2015-12-09,42.0565,-87.6753
408,Visual Dynamics_v.0.91,Sarah,ccl,2015-12-09,42.0565,-87.6753
409,Loop de Langton 2,sarah,ccl,2015-12-09,42.0565,-87.6753
410,Big_Bang,Sarah,ccl,2015-12-09,42.0565,-87.6753
411,CompositeCollectiveDecisionMaking,Tomer J. Czaczkes,University of Regensburg,2015-12-13,48.9968,12.0958
412,Evolution of boundary-crossing behavior,Amanda E. Martin,"Carleton University, Ottawa, Ontario",2015-12-17,45.3876,75.696
413,Learning Complicated Games -Galla&amp;Farmer (2012),Russell C. Thomas,George Mason University,2016-01-08,38.8315,-77.3117
414,Wine_v5,Tete Zhang,Worcester Polytechnic Institute,2016-03-16,42.2746,-71.8067
415,Yeast_v5,Tete Zhang,Worcester Polytechnic Institute,2016-03-16,42.2746,-71.8067
416,Mobility and extinction risk in human-altered landscapes,Amanda E. Martin,"Carleton University, Ottawa, Ontario",2016-03-21,45.3876,75.696
417,Mobility and extinction risk in human-altered landscapes,Amanda E. Martin,"Carleton University, Ottawa, Ontario",2016-03-21,45.3876,75.696
418,banks,alessandro barazzetti,QBT SAGL,2016-03-23,45.8367,9.0246
419,gradient,Matthew Saponaro,University of Delaware,2016-04-12,39.678,-75.7506
420,EditedCode-CarCruise,Abha Trivedi,Motilal Nehru National Institute of Technology Allahabad,2016-05-09,25.4934,81.8627
421,Coop4SWEEEM_1-0_SPANISH,Sandra Mendez-Fajardo,Javeriana University,2016-06-13,4.6285,-74.0647
422,ThisWorld_LisaYe_XiaokeLuo_Final,Lisa Ye/Xiaoke Luo,Stuyvesant High School,2016-06-16,40.7178,-74.0138
423,MAP-K Final,"Edgar Manzanarez-Ozuna, Dora-Luz Flores, Alberto Abaroa, Carlos Castro, Rubén Castañeda-Martínez",Autonomous University of Baja California,2016-07-07,32.6632,-115.469
424,El Farol Network Congestion,Uri Wilensky,CCL,2016-08-24,42.0565,-87.6753
425,Simulación de la adaptación Organizacional al cambio estructural,Jose David Vielma Moreno y Oswaldo Terán,Universidad de Los Andes,2016-09-14,4.6015,-74.0661
426,Simulation of Organizational Adaptation to Structural Change,Jose David Vielma Moreno y Oswaldo Terán,Universidad de Los Andes,2016-09-14,4.6015,-74.0661
427,SimulatingOrganizationalAdaptationtoStructuralChange,Jose David Vielma y Oswaldo Terán,Universidad de Los Andes,2016-09-16,4.6015,-74.0661
428,Fire in the forest,"Roland, B., Kampis, G., Karsai, I.",EAST TENNESSEE STATE UNIVERSITY,2016-10-08,36.3024,-82.3699
429,Working Model for RESPECT 9.14.15,Virginia Mckay,Washington University in St. Louis,2016-10-15,38.6488,-90.3108
430,Airfoil Analysis,Lincoln Berkley,Concord Academy,2016-10-22,42.4593,-71.3546
431,AntsAtWar,John Thomas,Cognitive Tools Ltd. LLC,2016-11-06,41.8781,-87.6298
432,M&amp;S_Project,supraja,georgia state university,2016-11-29,33.7531,-84.3853
433,Wolf Sheep Selective Predation,"Alexandre, T. S., Costa, V. &amp; Rego, R.",University of the Azores,2016-12-16,37.7459,-25.6636
434,Wolf Sheep Predation Metapopulations v0912 FINAL!,"Inês Silva, Nicole Aguiar",University of the Azores,2016-12-16,37.7459,-25.6636
435,sheep_n_dogs,Marouane Berrada,DSTI,2017-01-01,45.2333,-93.2913
436,Zombies good,Charles Lundquist,Dartmouth College,2017-01-20,43.7044,-72.2887
437,Polyclonal_simulation,A. Fernández,IBMCP (UPV-CSIC),2017-01-26,39.4809,-0.3411
438,Gibanje tijela DB,Dino ,gimnazija Leonardo da Vinci,2017-02-18,43.5147,16.4435
439,gibanje tijela S.O,Sara ,gimnazija Leonardo da Vinci,2017-02-18,43.5147,16.4435
440,gibanje tjela e.p.,elizabeta,gimnazija Leonardo da Vinci,2017-02-18,43.5147,16.4435
441,gibanjetijelaaz,aldo zuvela,gimnazija Leonardo da Vinci,2017-02-18,43.5147,16.4435
442,Jednoliko i nejednoliko pravocrtno gibanje,Hrvoje,gimnazija Leonardo da Vinci,2017-02-18,43.5147,16.4435
443,gibanjetjela2IM,Ivan Milinović,gimnazija Leonardo da vinci,2017-02-18,43.5147,16.4435
444,ponavljanje,kralj,gimnazija leonardo da vinci,2017-02-18,43.5147,16.4435
445,Evolution of Sex,K N Crouse,University of Minnesota,2017-03-03,44.974,-93.2277
446,Xanthan_Gum_Bioreactor,Viola Sanderlin,Arizona State University,2017-05-01,33.4242,-111.9281
447,Xanthan_Gum_Bioreactor,Viola Sanderlin,Arizona State University,2017-05-01,33.4242,-111.9281
448,Life of Pi(gs),Desi Suyamto &amp; Aritta Suwarno,Bogor Agricultural University &amp; Wageningen University and Research,2017-06-13,-6.595038,106.816635
449,economy-of-forest-timber,Desi Suyamto,"Forest2020, Faculty of Forestry, Bogor Agricultural University",2017-06-14,-6.5539,-106.7233
450,Colon_Crypt_Model_110514_G,David E. Axelrod,Rutgers University,2017-06-15,40.5008,-74.4474
451,block69,Victor Peña-Guillen,Universidad nacional Agraria La Molina,2017-08-06,-12.0817,-76.9432
452,Collaborative demand forecasting,Valentas Gruzauskas,Kaunas University of Technology,2017-08-16,54.899,23.9128
453,Model_1_TCR MHC binding diffusion model,Aaron K. Neumann,University of New Mexico,2017-08-18,35.0843,-106.6198
454,Model_2_BIOM514_ca oscillations tfa tfb,Aaron K. Neumann,University of New Mexico,2017-08-18,35.0843,-106.6198
455,viral infection dynamics_T cell dynamics_IFN_NK,Aaron K. Neumann,University of New Mexico,2017-08-18,35.0843,-106.6198
456,Collaborative demand forecasting,Valentas Gruzauskas,Kaunas University of Technology,2017-09-01,54.899,23.9128
457,Wolf-Sheep Predator-Mediated Coexistence (FINAL),"Teresa S. Alexandre, Vanessa Costa &amp; Rúben Rego",University of Azores,2017-09-03,37.7459,-25.6636
458,Nuclear Proliferation V1 - According to Waltz,Ryan M Nixon,Old Dominion University,2017-09-27,36.8853,-76.3059
459,csnycemodeler,Betsy DiSalvo,Georgia tech,2017-10-18,33.7756,-84.3963
460,banks,Alessandro Barazzetti,QBT SAGL,2017-10-22,45.8367,9.0246
461,"Local Policing and Colorism, Uni-directional Influence","Henry Smart, III",Virginia Tech,2017-10-26,37.2284,-80.4234
462,"Local Policing and Colorism, Bi-directional Influence","Henry Smart, III",Virginia Tech,2017-10-26,37.2284,-80.4234
463,block119,Victor Peña-Guillen,Universidad Nacional Agraria La Molina,2017-11-17,-12.0817,-76.9432
464,Toll_Simulator,Arthur Ruf Hosang da Costa,Deggendorf Institute of Technology,2017-11-24,48.8295,12.9546
465,fake news goede versie,Donny en Jochem,Regius College,2017-12-06,42.351,-71.3091
466,ABMGG,Rui Yu,University of Leeds,2018-01-11,53.8067,-1.555
467,NETLOGO_FINALV6 (5),Eliora Henzler,UPenn,2018-01-31,39.9522,-75.1932
468,Water_Cycle (Feb5version),Michelle Zhu,Montclair State University,2018-02-09,40.8666,-74.1976
469,MultiColorAnt,Costantino Carugno,University of Turin,2018-02-17,45.0694,7.6889
470,Water_Cycle_MSU,ACMES Group,Montclair State University,2018-02-19,40.8666,-74.1976
471,GlowwormModel,David J Merritt and Joshua Gilchrist,"School of Biological Sciences, The University of Queensland",2018-02-20,-27.4975,153.0137
472,DO2-VO2_regulation_01,Victor Iapascurta,"University of Medicine and Pharmacy, Chisinau, Moldova",2018-03-01,47.04018214,10.546875
473,HUMANIA 2018,Nadya González-Romero,Pontificia Universidad Javeriana,2018-03-02,4.6285,-74.0647
474,SES_DEB-IBM_Goedegebuure_etal_PLOS,Merel Goedegebuure,"University of Tasmania, Institute for Marine and Antarctic Studies",2018-03-17,-42.9041,147.3248
475,Discrete_Event-Model-for v6-02-18-03-18-1800,Russ Abbott,"California State University, Los Angeles",2018-03-18,34.0664,-118.1685
476,Discrete_Event-Model-for v6-02-18-03-19-1500,Russ Abbott,"California State University, Los Angeles",2018-03-19,34.0664,-118.1685
477,Marage Market6,Ramezani A,"payame Noor,",2018-04-18,35.8012,51.5029
478,Water_Cycle_MSU,ACMES Group,Montclair State University,2018-04-23,40.8666,-74.1976
479,Pertussis_Model,David Mills,Texas State University,2018-06-12,29.8884,-97.9384
480,redistrictingPackNCrack,Anne Yust,The New School,2018-07-02,40.7355,-73.9971
481,Cooperation under ecological pressure. Cognitive adaptations,David N. Sousa,Universidade de Lisboa,2018-07-23,38.7527,-9.1582
482,ABM_Ditu,Inti Romero,Universidad Austral de Chile,2018-07-31,-39.8062,-73.2517
483,AbandonmentAndAdoptionOfDogs,Canales_Silva,Universidad Austral de Chile,2018-08-03,-39.8062,-73.2517
484,Police_Operations,Luis Santana - Cristopher Tacul,Universidad Austral de Chile,2018-08-03,-39.8062,-73.2517
485,WaterAvailability,Jaime Klenner - Tomas Vera,Universidad Austral de Chile,2018-08-03,-39.8062,-73.2517
486,Behavior_of_Carbon_Dioxide_(ABM),Camilo Alarcón and Lucía Márquez,Universidad Austral de Chile,2018-08-03,-39.8062,-73.2517
487,Behavior_of_Carbon_Dioxide_(SDM),Camilo Alarcón and Lucía Márquez ,Universidad Austral de Chile,2018-08-03,-39.8062,-73.2517
488,Femicides_Model,"Daniel Molina, Victor Vargas",Universidad Austral de Chile,2018-08-03,-39.8062,-73.2517
489,CodeV7,"Francisco Gonzalez, Alejandra Hidalgo",Universidad Austral de Chile,2018-08-03,-39.8062,-73.2517
490,sistema_dinamico,"Alejandra Hidalgo, Francisco Gonzalez",Universidad Austral de Chile,2018-08-03,-39.8062,-73.2517
491,sistema_dinamico,"Alejandra Hidalgo, Francisco Gonzalez",Universidad Austral de Chile,2018-08-03,-39.8062,-73.2517
492,ComplexityInMusicVisualized,"Fabian Ruiz, Marco Alvarez",Universidad Austral de Chile.,2018-08-03,-39.8062,-73.2517
493,Genetic Drift,Carlo Maley,ASU,2018-08-27,33.4242,-111.9281
494,Random Mating Diploid Drift,Carlo Maley,ASU,2018-08-27,33.4242,-111.9281
495,fuel-of-evolution,Carlo Maley,ASU,2018-08-27,33.4242,-111.9281
496,mutation-rate-and-rate-of-evolution,Carlo Maley,ASU,2018-08-27,33.4242,-111.9281
497,evolution-of-mutation-rates,Carlo Maley,ASU,2018-08-27,33.4242,-111.9281
498,nelwin,Murat Yildizoglu,GREThA-University of Bordeaux,2018-10-17,44.8245,-0.6059
499,WNV model 181026,Stuart Eugene Thiel,Northeastern Illinois University,2018-10-26,41.9795,87.7189
500,Ding-Kongsoonthorn Investor,Yanxiang Ding; Patadon Kongsoonthorn,University of Pennsylvania,2018-11-08,39.9522,-75.1932
501,partitionsWeb,Fernando Sanchez,The University of Montana,2019-01-04,46.8619,-113.9846
502,bobslife,ACMES MSU,Montclair State University,2019-02-11,40.8666,-74.1976
503,Money Change,TzouvelekasEmmanuel ,Panteion University,2019-03-06,37.9596,23.719
504,Simple P2P online lending environment,Bjoern H.,Sun Yat-sen University,2019-04-10,23.0965,113.298
505,.Model_2. Iteration_Simplified model.tmp,Bjoern H.,Sun Yat-sen University,2019-04-10,23.0965,113.298
506,Platform with risk management ability,Bjoern H.,Sun Yat-sen University,2019-04-10,23.0965,113.298
507,GeneticDrift_expanded,Juan Jose Garcia Mesa,Arizona State University,2019-04-16,33.4242,-111.9281
508,GeneticDrift_expanded,Juan Jose Garcia Mesa,Arizona State University,2019-04-16,33.4242,-111.9281
509,BDE702_T2DM2,Devin Bowes,Arizona State University,2019-04-18,33.4242,-111.9281
510,BDE702_T2DM2,Devin Bowes,Arizona State University,2019-04-18,33.4242,-111.9281
511,BDE 702 Model Assignment - Kostes,Warner Kostes,Arizona State University,2019-04-18,33.4242,-111.9281
512,BDE 702 Model Assignment - Kostes,Warner Kostes,Arizona State University,2019-04-18,33.4242,-111.9281
513,Microevolution Model,Alex Spencer,Tracy High School,2019-05-17,37.7405,-121.4203
514,test,Alexandra Rusu,University of Amsterdam,2019-05-27,52.3558,4.9557
515,decision tree 0.2,Bora Ristic,Imperial College London,2019-05-27,51.4988,-0.1749
516,EM,Snehal Bankatrao Shinde,"Visvesvaraya National Institute of Technology, Nagpur, Maharsashtra, India.",2019-06-06,21.1232,79.0515
517,link-05-4turtles-link-mouse-create,Isamu Shioya,Hosei University,2019-06-07,35.6958,139.7416
518,dovrat2017,David Dovrat,Technion,2019-06-13,32.7768,35.0231
519,The Number Game,SHUBHANSHU MISHRA,"iSchool, UIUC",2019-06-22,40.102,-88.2272
520,treegrowth,Kai Bergmann,FH JOANNEUM,2019-06-30,47.0691,15.4099
521,ConspiracyTheory,Alexander Neuherz,FH Joanneum,2019-07-12,47.0691,15.4099
522,Bark beetle epidemic,Lin Xiang,University of Kentucky,2019-07-17,38.0307,-84.504
523,Forest Fire,Kevin Stessel,FH Joanneum,2019-07-21,47.0691,15.4099
524,Straight Lines,Uzochukwu Ugochukwu,University of East Anglia,2019-07-26,52.6221,1.2411
525,Forest Fire,Kevin Stessel,FH Joanneum,2019-07-29,47.0691,15.4099
526,heat-treatment,Felix Rauchenwald,FH-JOANNEUM,2019-07-31,47.0691,15.4099
527,Nuclear_Reactor_under_Control,Everton Rocha de Souza,FH-Joanneum,2019-07-31,47.0691,15.4099
528,Pirates-FINAL,Ciara Sibley,George Mason University,2019-08-02,38.8315,-77.3117
529,Forest Fire,Kevin Stessel,FH Joanneum,2019-08-04,47.0691,15.4099
530,Pirates-FINAL,Ciara Sibley,George Mason University,2019-08-06,38.8315,-77.3117
531,Forest Fire,Kevin Stessel,FH Joanneum,2019-08-11,47.0691,15.4099
532,Forest Fire_v1,Kevin Stessel,FH Joanneum,2019-08-15,47.0691,15.4099
533,Contour30,Garrett Love,North Carolina School of Science and Math,2019-08-23,36.018,78.9216
534,Delaunay20,Garrett Love,North Carolina School of Science and Math,2019-08-23,36.018,78.9216
535,rotational grazing.logo,Jessica Shi,Jamestown High School,2019-09-01,37.2526,-76.7891
536,Evolution,Jesper Lindmarker,Stockholm University,2019-09-03,59.3652,18.055
537,phage project,Jessica Shi,Jamestown High School,2019-09-04,37.2526,-76.7891
538,rotational grazing,Jessica Shi,Jamestown High School,2019-09-05,37.2526,-76.7891
539,dovrat2017,David Dovrat,Technion,2019-09-26,32.7768,35.0231
540,mars_indoors_mapping,Ken Fox &amp; Tomer Altman,Technion,2019-10-02,32.7768,35.0231
541,boids_remake,mars.cs.technion.ac.il,Technion,2019-10-02,32.7768,35.0231
542,QCA,Grace López Torres,Universidad Distrital Francisco Jose de Caldas,2019-10-07,4.59737,-74.0647
543,Ricardo&amp;Marx,Pietro Terna,"University of Torino, Italy",2019-10-09,45.0694,7.6889
544,Minimal Genetic Algorithm,Cosimo Leuci,Cpia - Lecce,2019-10-09,40.3515,18.175
545,Minimal Genetic Algorithm,Cosimo Leuci,Cpia - Lecce,2019-10-09,40.3515,18.175
546,Minimal Genetic Algorithm,Cosimo Leuci,Cpia - Lecce,2019-10-10,40.3515,18.175
547,"Ultimatum Game v6.1 live and die by energy level, offspring partial random offer% rejection%",Ronald Paul Ng,"ICON Haematology, Singapore",2019-11-05,1.3056,103.8355
548,Ricardo&amp;Marx_v.0.97,Pietro Terna,"University of Torino, Italy, retired professor",2019-11-25,45.0694,7.6889
549,three_body_problem,Claudio Augusto Borges Pavani,UFRJ,2019-12-02,-22.8625,-43.2235
550,problema_de_tres_corpos,Claudio Augusto Borges Pavani,UFRJ,2019-12-02,-22.8625,-43.2235
551,ReseauChaleur_HeatNetwork_v1,François Veynandt,University of Applied Sciences Burgenland,2020-01-08,47.82944,16.53567
552,idoGather,Ido Zoref,Technion,2020-01-22,32.7768,35.0231
553,Nitzan,Nitzan Madar,Technion,2020-01-22,32.7768,35.0231
554,VitalyShalumov,Vitaly Shalumov,Technion,2020-01-23,32.7768,35.0231
555,Innate Immune Response 2014 adjusted 601,Gary An,"Department of Surgery, University of Vermont",2020-02-18,44.4779,-73.1965
556,KrillSwarm,Nick Record,Bigelow Laboratory for Ocean Sciences,2020-04-03,43.8597,-69.58
557,IslandBiogeo_UpdatedForNetlogo6.1,Aly McKnight,Unity College,2020-04-04,43.9058,-70.2571
558,SoofShoshana,Soof Shoshana,Technion MARS lab,2020-04-10,32.7768,35.0231
559,Probabilistic_Pursuit_on_the_Grid_1996,Ramy Masalha,Technion MARS lab,2020-04-10,32.7768,35.0231
560,Multitasking email V1,Xavier Bronlet,AccelerationLab Ltd.,2020-04-14,46.0359,8.9324
561,Multitasking email V1.1,Xavier Bronlet,AccelerationLab Ltd.,2020-04-14,46.0359,8.9324
562,GarbageCan,Guido Fioretti,University of Bologna,2020-04-20,44.4962,11.3542
563,GarbageCan_organizations,Guido Fioretti,University of Bologna,2020-04-20,44.4962,11.3542
564,project1-0,JEAN MILPIED,DSTI,2020-04-23,45.2333,-93.2913
565,ApoSim-v2.3-PeerJ-Upload-Resubmission,Woncheol Song,Seoul National University Laboratory of Behavioral Ecology and Evolution,2020-05-04,37.4565,126.95
566,ApoSim-v2.3-PeerJ-Upload-Resubmission,Woncheol Song,Seoul National University Laboratory of Behavioral Ecology and Evolution,2020-05-04,37.4565,126.95
567,hw53,"Shirley Tan, Michael Lam",Stuyvesant,2020-05-13,40.7178,-74.0138
568,hw53,"Shirley Tan, Michael Lam",Stuyvesant,2020-05-13,40.7178,-74.0138
569,Airbnb2.web,Chao Yu,Cornell University,2020-05-13,42.4534,-76.4735
570,FSM_code,David Fuente,Polytechnic University of Valencia,2020-05-31,39.4809,-0.3411
571,estornudov6v1Población externa,Miguel Angel Rodriguez Roman,Universidad de Huelva,2020-06-03,37.2705,-6.9236
572,Multitasking email V1.1,Xavier Bronlet,AcceleratuonLab,2020-06-07,46.0359,8.9324
573,masks_master_v1_1,Matthew Stieg Alex Brown,University of Michigan,2020-06-11,42.2778,-83.7554
574,metapop,Jon Bennie,University of Exeter,2020-06-22,50.7371,-3.5351
575,pegaPorco_big,Ricardo Machado,FURG,2020-07-08,-32.068,-52.1615
576,FINAL with networks,Massab Qayum,Lahore University of Management Sciences,2020-07-09,31.4707,74.4098
577,Globalisation after Corona Virus,Massab Qayum,Lahore University of Management Sciences,2020-07-09,31.4707,74.4098
578,abm_school_choice,Diego Diaz,Universidad del Desarrollo,2020-07-15,-33.3920584,-70.5016763
579,clod-model-6,"Cristina Ponsiglione, Simonetta Primario, Ivana Quinto, Giuseppe Zollo",University of Naples Federico II,2020-07-17,40.505,14.1525
580,Multitasking email V1.1,Xavier Bronlet,University of Applied Sciences and Arts of Southern Switzerland,2020-07-31,46.0308,8.9241
581,UAV_Network_REU2020,Luis Espiritusanto,Embry Riddle University,2020-08-05,34.6172,-112.4505
582,BoxCountingDimension,Md. Rakibuz Zaman,Khulna university,2020-08-06,22.8022,89.5339
583,Modeling Daycare HFMD Spread,"Victoria McGraw, Alexandra Eguiluz, and Bonnie Jacob",Rochester Institute of Technology,2020-08-10,43.0853,-77.6744
584,School Choice ABM,Diego A. Diaz,University of Chicago,2020-08-10,41.7886,-87.5987
585,Disease Rabbits,bosmat bar,Haifa University,2020-10-13,32.7614,35.0195
586,Rabbits-Evolution,bosmat bar,Haifa University,2020-10-13,32.7614,35.0195
587,Rabbits-Grass-Carrots,bosmat bar,Haifa University,2020-10-13,32.7614,35.0195
588,Rabbits-Disease,bosmat bar,Haifa University,2020-10-13,32.7614,35.0195
589,RohitKumarDamodaran-PanicBuyingSimulation,Rohit Kumar Damodaran,Data ScienceTech Institute,2020-12-08,48.8375,2.3527
590,DomesticViolence,Shiza Khalidi,Habib University,2020-12-22,24.9059,67.1383
591,SUBMITTED THIS,Pracheeti Shikarkhane,North Carolina School of Science and Mathematics,2020-12-23,36.018,78.9216
592,doppler_effect_model,Pracheeti Shikarkhane,North Carolina School of Science and Mathematics,2020-12-23,36.018,78.9216
593,threepartsfire,Francisco Menino Destéfanis Vítola,UTFPR,2020-12-27,-25.4436,-49.3535
594,Balassa-Samuelson V2 Beta,Adam Hardaker,Bard College Berlin,2021-03-27,52.5843,13.3937
595,Schelling_Segregation_Model,Diego Ciccia,University of Catania,2021-04-01,37.5036,15.0865
596,Conway_Game_of_Life_Shapes,Diego Ciccia,University of Catania,2021-04-24,37.5036,15.0865
597,model_april_2_berke,Berke Nuri &amp; Jonathan Huang,University of Richmond,2021-06-09,37.5758,-77.5397
598,physical_linkage_one_trait_locus,Tarryn Schuldiner-Harpaz,University of Cambridge,2021-06-10,52.2054,0.1132
599,physical_linkage_two_trait_loci,Tarryn Schuldiner-Harpaz,University of Cambridge,2021-06-10,52.2054,0.1132
600,GeneticoAll1,José Antonio Martín Melguizo,University of Granada (Spain),2021-06-14,37.1848,-3.601
601,PSOBasico,José Antonio Martín Melguizo,University of Granada (Spain),2021-06-14,37.1848,-3.601
602,Peppered Moths sexual,Randi Mewhort and Doug Mewhort,MacEwan University,2021-06-18,53.5471,-113.5064
603,RISK,,uBosque,2021-06-18,4.7103,-74.0322
604,wikipedia_editing,"Daria Mikhaylova, Paolo Milazzo",University of Pisa,2021-07-01,43.7167,10.3989
605,MDVSoils_Proto.v.1,Andrew Thompson,Brigham Young University,2021-07-02,40.2518,-111.6493
606,MDVSoils_Prototype,Andrew Thompson,Brigham Young University,2021-07-09,40.2518,-111.6493
607,Make a Square Practice,Julia Lee,Stuyvesant High School,2021-08-01,40.7178,-74.0138
608,Ecological Competition Model,Will Hemsley,University of Surrey,2021-08-25,51.2431,-0.5895
609,Hotelling estratégico_v03,David Acevedo Britez,Universidad de Cantabria,2021-09-07,43.4717,-3.802
610,Learning Equity_Interaction of teacher-pupil-environment,Elizabeth Randolph,RTI International,2021-09-12,35.9055,-78.8651
611,Epistemic logic,Jon Hall,The Open University,2021-09-24,52.0249,-0.7082
612,Hardy-Weinberg Basic Model,Valentino Romano,"STEBICEF Department, University of Palermo, 90123 Palermo, Italy",2021-09-27,38.1174,13.37
613,Evolution_no_bad_plots,Jesper Lindmarker,"Institute for Analytical Sociology, LiU",2021-10-06,58.3978,-15.576
614,qiaoxingtu,qing pegn,Beijing Normal University,2021-10-11,39.962,116.3663
615,groupFormation-ICA,František Kalvas,UWB in Pilsen,2021-11-05,49.73843,13.373637
616,groupFormation-ICA,František Kalvas,UWB in Pilsen,2021-11-05,49.73843,13.373637
617,Model v2.01b,Group 42,University of York,2021-11-12,53.9461,-1.0518
618,Viral Spread Model,Group 42,University of York,2021-11-18,53.9461,-1.0518
619,Viral Spread Model,Group 42,University of York,2021-11-18,53.9461,-1.0518
620,EvolveStatusPublic,"Sarah Shandera, Louis Leblond",The Pennsylvania State University,2021-11-19,40.7982,-77.8599
621,Minimum spanning tree(prim),Penghui Fan,TU Delft,2022-01-16,52.0022,4.3736
622,TimeExample-DistributionCenter,Steve Railsback,Lang Railsback &amp; Assoc.,2022-01-24,40.8665,-124.0828
623,DiscreteEventVirus,Steve Railsback,Lang Railsback &amp; Assoc.,2022-01-24,40.8665,-124.0828
624,TimeExample-Whack-A-Mole,Steve Railsback,Lang Railsback &amp; Assoc.,2022-01-24,40.8665,-124.0828
625,TimeExample-Logotimes,Steve Railsback,Lang Railsback &amp; Assoc.,2022-01-25,40.8665,-124.0828
626,minifactory,Thibaut DEVERAUX,DSTI,2022-02-07,45.2333,-93.2913
627,minifactory,Thibaut DEVERAUX,DSTI,2022-02-07,45.2333,-93.2913
628,FishTankSim,Toni York,Montclair State University,2022-02-26,40.8666,-74.1976
629,FishTankSimulator,Toni York,Montclair State University,2022-02-26,40.8666,-74.1976
630,Pathfinder,Toni York,Montclair State University,2022-02-26,40.8666,-74.1976
631,PathfinderSoundless,Toni York,Montclair State University,2022-02-26,40.8666,-74.1976
632,base-model,"Ruth Efe, Reia Li and Omar Zintan Mwinila-Yuori",Pomona College,2022-03-01,34.0977,-117.7118
633,base-model,"Ruth Efe, Reia Li and Omar Zintan Mwinila-Yuori",Pomona College,2022-03-01,34.0977,-117.7118
634,base-model,"Ruth Efe, Reia Li and Omar Zintan Mwinila-Yuori",Pomona College,2022-03-01,34.0977,-117.7118
635,cmc-dining-base-model,"Ruth Efe, Reia Li and Omar Zintan Mwinila-Yuori",Pomona College,2022-03-01,34.0977,-117.7118
636,Term Paper. Final,Andrey Lomatskiy,HSE Saint Petersburg,2022-03-16,59.98,30.3272
637,OAFisheryDynamics,John Janmaat,University of British Columbia,2022-03-16,49.2606,-123.246
638,BEST CV SIM,wilso collier,blue ridge school,2022-03-18,38.2653,-78.5555
639,MDVSoils prototype,Andrew Thompson,Brigham Young University,2022-03-22,40.2518,-111.6493
640,Hardy-Weinberg Basic Model v. 2.0,"Riccardo Tarantino, Valentino Romano",University of Palermo,2022-04-10,38.1174,13.37
641,Dragons-Humans-Spam,Jacob Halvorson,UW-Stout,2022-04-21,44.8716,-91.9267
642,Modelling Potential Effects Of Climate Change On Marine Food Chain and Marine Mammals with NetLogo,Qi-fan,Vrije Universiteit Amsterdam,2022-04-28,52.3338,4.8657
643,Marine - Basic,Qi-fan ,Vrije Universiteit Amsterdam,2022-05-02,52.3338,4.8657
644,Marine - Climate Change,Qi-fan ,Vrije Universiteit Amsterdam,2022-05-02,52.3338,4.8657
645,Collagen05_5.1,George Dombi,University of Rhode Island,2022-05-11,41.4862,-71.5307
646,Wealth_Happiness-Education Interrelation,"Pavithra Sripathanallur Murali, Jada Williams, Mansoor Bari",George Mason University,2022-05-12,38.8315,-77.3117
647,Trafalgar,Matt Offord,Adam Smith Business School,2022-05-18,55.8721,-4.2883
648,Trafalgar_V_0.1,Matt Offord,Adam Smith Business School,2022-05-23,55.8721,-4.2883
649,tASEL,Isaac Ullah,San Diego State University,2022-06-01,32.7774,-117.0714
650,A model of social influence - Simone Alessia,Simone Alessia,University of Catania - Master Degree in Data Science,2022-06-13,37.5036,15.0865
651,Slime-RL,Stefano Mariani,University of Modena and Reggio Emilia,2022-06-17,44.6451,10.9281
652,locusts_rain,Clemens Wager &amp; Jeremy Cook,Univesity of Vienna,2022-07-14,48.2132,16.3601
653,tree-frog-mate-choice,Sunny Boyd,University of Notre Dame,2022-07-20,41.7056,-86.2353
654,standard deviation,"Gin, Lee",NTU,2022-09-10,1.3483,103.6831
655,Practice,Maryam Naqvi,UWE,2022-09-15,51.5006,-2.5474
656,Practice,Maryam Naqvi,UWE,2022-09-15,51.5006,-2.5474
657,Hardy-Weinberg Basic Model V2.0,"Riccardo Tarantino, Valentino Romano",University of Palermo,2022-09-26,38.1174,13.37
658,Hypercycle,Maarten Boerlijst,Amsterdam University College,2022-09-27,52.3549,4.9512
659,Hypercycle,Maarten Boerlijst,Amsterdam University College,2022-09-27,52.3549,4.9512
660,Cyclic Competition,Maarten Boerlijst,Amsterdam University College,2022-09-27,52.3549,4.9512
661,Hardy-Weinberg Network,"Riccardo Tarantino, Valentino Romano",University of Palermo,2022-09-30,38.1174,13.37
662,Axelrod-Basic,Daniel Weissglass,Duke Kunshan University,2022-11-01,31.416,120.9014
